judgment_id,case_family,manual_classification,relevance_to_post_2015_China_hospital_procurement,new_information_value,reason
"CHDM,113,金訴,657,20250724,1",Chen_Yao-li_cross-border_brokerage,verified_cross-border_transplant-brokerage_trial,direct_but_no_donor-provenance_bridge,high,"Primary trial judgment establishes paid brokerage of Taiwanese recipients to Qingdao University Affiliated Hospital and Xiangya Third Hospital, operation-related fees and payment routes. It does not identify organ donors or their custody/consent status."
"TCHM,114,金上訴,1935,20260211,1",Chen_Yao-li_cross-border_brokerage,verified_sentencing_appeal_same_underlying_case,direct_but_no_donor-provenance_bridge,high,"New appellate primary source. The prosecutor invoked donor-consent uncertainty and organ-harvesting concerns when opposing suspended sentences. The appeal concerned suspended sentences only; the underlying facts and convictions were outside the appellate scope."
"ULDV,112,消債清,2,20230531,2",unrelated_debt_case,false_positive,none,none,"China Medical University Hospital is a Taiwanese institution, and the word brokerage appears in the debtor's former real-estate employer. The liver transplant is merely medical history."
"TNDM,114,訴,1628,20251127,1",Southeast_Asia_scam-compound_trafficking,verified_chats_about_threatened_or_planned_organ_removal,separate_from_China_hospital_system,medium,"Judgment records trafficking/scam-compound communications discussing organ removal and prices. It does not establish a completed transplant, a Chinese transplant hospital, or state-linked prisoner procurement."
"TNDM,114,訴,503,20251127,4",Southeast_Asia_scam-compound_trafficking,verified_chats_about_threatened_or_planned_organ_removal,separate_from_China_hospital_system,medium,"Companion trial judgment containing substantially the same trafficking communications. Not a distinct China transplant-system case."
"TNHM,115,上訴,68,20260528,2",Southeast_Asia_scam-compound_trafficking,appeal_of_scam-compound_case,separate_from_China_hospital_system,low,"Appellate judgment repeats or reviews the same scam-compound evidence. It does not add a completed organ-removal or recipient chain."
"TNHM,115,上訴,69,20260528,1",Southeast_Asia_scam-compound_trafficking,appeal_of_scam-compound_case,separate_from_China_hospital_system,low,"Companion appellate judgment; duplicate underlying evidence for present purposes."
"TPDM,109,聲判,275,20230829,1",Gutmann_Ko_Wen-je_publication_dispute,allegation_or_defamation_proceeding_not_transplant_event,indirect,low,"The judgment concerns statements and a request for prosecution arising from The Slaughter controversy. It does not adjudicate that a transplant-brokerage or organ-procurement event occurred."
"TPHM,111,重上更一,35,20260430,7",unrelated_customs_corruption_case,false_positive,none,none,"A witness's past kidney transplant in mainland China appears only as personal medical history explaining a change in conduct; no transplant brokerage or donor-source issue is adjudicated."
