judgment_id,title,roc_date,case_reason,classification,classification_reason,local_score,organ_windows_examined,matched_groups,matched_terms,action_matches,incidental_matches,best_window_redacted,source_queries,public_url,content_sha256
"TPHM,110,上訴,1140,20211118,1",臺灣高等法院 110 年度上訴字第 1140 號刑事判決,民國 110 年 11 月 18 日,詐欺等,rejected_no_cross_border_anchor,no China/overseas or named-hospital anchor in the transplant window,19,9,organ | brokerage | payment | travel_medical,仲介 | 器官移植 | 心臟移植 | 支付 | 病歷 | 費用,action_2:接受心臟移植之病人屬於重大傷病，全民健保就此有給付心臟移植 | action_3:心臟移植之費用，並請求函詢衛生福利部桃園醫院及振興醫療財團法人振興醫院云云，惟查，接受心臟移植之病人屬於重大傷病，全民健保就此有給付心臟移植之全部相關費用,incidental_1:患有心臟疾病，然於現行健保制度下，其並無需支付心臟移植,任為基礎，並詳予審酌刑法第57條各款所列情形，為科刑輕重標準之綜合考量，在法定刑度內，斟酌科刑，尚無偏執一端，致明顯 失出失入 ，客觀上不生量刑裁量權濫用或違反比例原則、罪刑均衡原則之情形，核無不合，自無違法之可言。又被告[REDACTED]附表一至四所示犯行，分別為竊盜、加重竊盜、行使偽造私文書、詐欺取財、非法由自動付款設備取財、恐嚇及毀損等罪，所為犯行合計高達50罪，受害人數眾多， 犯罪所得 非微，依其犯罪情節，並無 情輕法重 ，有傷一般國民對於法律之情感，而足以引起社會一般同情之處，尚無顯可憫恕之情形，自無依刑法第59條酌減其刑之餘地。被告[REDACTED]辯護人徒以前詞指摘原審量刑不當，主張應適用刑法第59條規定再予酌減，實屬無據。至被告[REDACTED]辯稱本件犯罪動機乃係為了心臟移植之費用，並請求函詢衛生福利部桃園醫院及振興醫療財團法人振興醫院云云，惟查，接受心臟移植之病人屬於重大傷病，全民健保就此有給付心臟移植之全部相關費用，病患[REDACTED]外費用，此有衛生福利部健康保險署全民健康保險重大傷病範圍表、臺大醫院器官移植團隊心臟移植說明及臺北榮民總醫院移植外科網頁資料等在卷 可按 (見本院卷㈡第249至283頁)。被告[REDACTED]其需進行心臟移植乙節，經本院函詢振興醫療財團法人振興醫院，經該院於110年9月24日以振行字第1100005331號函所檢附之病歷紀錄及診斷證明書可知，被告[REDACTED]因重度充血性心臟衰竭，需考慮換心治療 等情 ，惟縱認被告[REDACTED]心臟疾病，然於現行健保制度下，其並無需支付心臟移植之全部相關費用，被告[REDACTED]所辯其犯罪動機係為了心臟移植之費用，顯係臨訟狡卸之詞，委無足採。 ㈣綜上，被告[REDACTED]主張原審量刑過重，未適用刑法第59條規定而指摘原判決不當，固無理由，惟原判決就此部分未依刑法第47條第1項規定分別加重被告[REDACTED]，即有違誤，原判決關於被告[REDACTED]部分既有前揭可議之處，即屬無可維持，應由本院將此部分撤銷改判。又原判決關於被告[REDACTED]部分既經撤銷，其所定應執行刑即失所附麗，應併予撤銷。 六、科刑之審酌： 爰以行為人責任為基礎，審酌被告[REDACTED]以正當管道賺取財物，企圖不勞而獲，恣意竊取他人之財物，顯然欠缺尊重他人財產權之觀念；被告[REDACTED]刷他人信用卡、持他人金融卡、信用卡盜領款項，詐取財物，造成他人受有財產上損害，且對社會治安及他人財產安全所造,器官移植 仲介 中國,"https://judgment.judicial.gov.tw/FJUD/data.aspx?ty=JD&id=TPHM,110,%E4%B8%8A%E8%A8%B4,1140,20211118,1&ot=in",64b9818752e5c69d547e3a51c5fbb315da3bb8537f71bec9e7370c1891b78660
"TNDM,111,醫訴,2,20231024,4",臺灣臺南地方法院 111 年度醫訴字第 2 號刑事判決,民國 112 年 10 月 24 日,組織犯罪條例等,rejected_no_cross_border_anchor,no China/overseas or named-hospital anchor in the transplant window,18,2,organ | brokerage | payment | evidence,交易明細 | 匯款 | 器官移植 | 報酬 | 帳戶 | 費用 | 銀行,action_2:進行細胞培養之文件或收費單據。且經本院向衛生福利部查詢結果，血液為人體器官、組織或細胞項目，應依人體器官移植,,"111偵8699卷六第9-19頁、衛生福利部111 年5月2日衛部醫字第1110012507號函（見偵8699卷三第49-53、55）】。而被告[REDACTED]之各種療程均未能提出任何主管機關核准進行細胞治療之證明文件，同時被告[REDACTED]格，亦非細胞治療技術之專科醫師，自不得對病患[REDACTED]為；用以施打於病患[REDACTED]金湧長生公司生產之「X.exosome 凍乾粉」也是未經衛生福利部核准之偽藥，復有衛生福利部110年9月28日衛部醫字第1101666550號函（見偵6578卷二第305-309頁〈同偵6578卷四第3-5頁，偵8699卷一第375-377頁，偵8698卷一第371-373頁，偵8700卷一第419-421頁）、衛生福利部食品藥物管理署111年8月15日FDA研字第1110715676號暨檢驗報告書1份（見本院卷二第233-236頁）及衛生福利部食品藥物管理署112年5月15日FDA藥字第1129019162號函1份（見本院卷五第229頁） 可參 。同時衛生福利部亦尚未核准間質幹細胞及外泌體相關之藥品許可證，此復有前開衛生福利部111年6月16日衛部醫字第1111663899號函（見111偵8699卷六第13頁） 可稽 。至於被告[REDACTED]係透過鄭金豐將病患[REDACTED]日本曾振武醫學博士的實驗室進細胞培養云云，然被告[REDACTED]金豐均提不出任何日本曾振武醫學博士實驗室出具之委託進行細胞培養之文件或收費單據。且經本院向衛生福利部查詢結果，血液為人體器官、組織或細胞項目，應依人體器官移植條例第14條之1第1項規定，經中央衛生主管機關核准，始得輸入或輸出，亦有衛生福利部112年5月8日衛部醫字第1120118053號函1份（見本院卷五第225頁） 可憑 ，而被告[REDACTED]何經中央衛生主管機關核准輸入或輸出血液樣本之證明，益徵所謂血液交與日本曾振武博士團隊培養、製作NK針劑等語，不過是誆騙附表一所示病患[REDACTED]。 ㈤另附表一所示之被害人或其家屬，分別繳交附表二所示之療程費用，匯入佳鎂公司在板信商業銀行金城分行00000000000000帳戶或陳昱瑾開設渣打銀行00000000000000帳戶，詐取總金額達2,584萬8,200元（各病患付〈匯〉款情形詳如附表二所示），而鄭金豐獲得如附表三所示219萬9,680元；高心慧獲得大約病人醫療費用超過一成即如附表五所示269萬",器官移植 匯款 中國,"https://judgment.judicial.gov.tw/FJUD/data.aspx?ty=JD&id=TNDM,111,%E9%86%AB%E8%A8%B4,2,20231024,4&ot=in",e548244f7ba6ec0aca4d89a619c6de157140687567320fdd9171f8262b33170d
"TNDV,113,醫,26,20250422,1",臺灣臺南地方法院 113 年度醫字第 26 號民事判決,民國 114 年 04 月 22 日,侵權行為損害賠償,rejected_no_transaction_or_brokerage,cross-border transplant language lacks local brokerage/payment evidence,13,1,organ | cross_border | evidence,LINE | 中國 | 器官移植 | 大陸 | 扣案 | 通訊軟體,action_3:器官衰竭器官移植(7)全身性安全抗老化(8)醫美再生美容」等詐術，提高病患接受 彼等 所安排,,監高心慧、顧問黃薰慧介紹與推廣醫療類商業服務，竟共同利用病患[REDACTED]治癒癌末疾病之迫切心情，對病患[REDACTED]茗澤係師學日本醫學及擁有醫療團隊配合治療，以附表一所示之詐術，提高病患[REDACTED] 彼 等所安排療程之意願，復以「營造我們兩個一起下去因為病患[REDACTED]累」、「沒關係，你就說剛剛是我派去臺中打針，然後再下來跟我這個診」、「這樣更屌」、「表示我們病人真不少」、有分析MSC（細胞療法）團隊，如有罹癌，也可以使用自體免疫細胞療法，但是細胞培養是送到日本等外觀上讓病人或家屬[REDACTED]人接受被告[REDACTED]的治療方式，對外自稱NK等細胞療法醫療團隊，細胞會送去日本培養，並持網路上下載並套印出現「衛生福利部印」字樣同意書，增加醫療行為的可信度，而共同對訴外人 葉韋阿理、 原告施行詐術，並介紹被告[REDACTED]告或其家屬[REDACTED]，然後由自稱被告[REDACTED]生之被告[REDACTED]患問診，陳昱瑾、徐莉卿負責施打藥劑及回輸血液、聯絡及回覆被告[REDACTED]（暱稱「CellTherapy」）與治療病患[REDACTED]訊軟體LINE等分工；被告[REDACTED]、黃薰慧亦會通知病患[REDACTED]事宜；陳相維則負責接送被告[REDACTED]、陳昱瑾、徐莉卿，或運送病患[REDACTED]；鄭金豐、胡展彰則負責聯絡中國大陸的樂小姐與日本曾振武醫學博士進行NK細胞培養及WT-1癌症疫苗注射。同時其等又共同對 葉韋阿理、 原告以宣稱「(1)最有價值的項目癌症術後復健癌症輔助治療(2)血糖控制及併發症治療(3)溢血性中風救治(4)自體免疫疾病(5)抗老及退化性疾病(6)器官衰竭器官移植(7)全身性安全抗老化(8)醫美再生美容」等詐術，提高病患[REDACTED] 彼等 所安排療程之意願，復以擁有GTP、GMP實驗室生產「X.exosome凍乾粉」製劑，對 葉韋阿理 所罹患之疾病均具有高度之專業醫療能力，致 葉韋阿理、 原告陷於錯誤，誤認被告[REDACTED]對NK療法或 葉韋阿理 所罹患之疾病均具有高度之專業醫療知識與能力，且有國際醫療團隊與被告[REDACTED]，病患[REDACTED]去日本實驗室作細胞培養，而接受被告[REDACTED]所安排以點滴注射各該NK細胞或以肌肉注射WT-1號稱癌症疫苗療程或接受所謂之MSC療法（細胞療法）；或接受其等所安排以點滴或肌肉注射方式接受「X.exosome」療程。 ㈢葉韋阿理、原告同意接受被告[REDACTED]療後，被告[REDACTED]昱瑾、徐莉卿即基於前開共同違反醫師[REDACTED]28條前段規,器官移植 匯款 中國,"https://judgment.judicial.gov.tw/FJUD/data.aspx?ty=JD&id=TNDV,113,%E9%86%AB,26,20250422,1&ot=in",79bba4213ba92ad2c9643c441723e668aaad1988bd1eb904cc40fc8d1c6ba531
"TNDV,113,醫,27,20250422,1",臺灣臺南地方法院 113 年度醫字第 27 號民事判決,民國 114 年 04 月 22 日,侵權行為損害賠償,rejected_no_transaction_or_brokerage,cross-border transplant language lacks local brokerage/payment evidence,13,1,organ | cross_border | evidence,LINE | 中國 | 器官移植 | 大陸 | 扣案 | 通訊軟體,action_3:器官衰竭器官移植(7)全身性安全抗老化(8)醫美再生美容」等詐術，提高病患接受 彼等 所安排,,高心慧、顧問黃薰慧介紹與推廣醫療類商業服務，竟共同利用病患[REDACTED]治癒癌末疾病之迫切心情，對病患[REDACTED]茗澤係師學日本醫學及擁有醫療團隊配合治療，以附表一所示之詐術，提高病患[REDACTED] 彼 等所安排療程之意願，復以「營造我們兩個一起下去因為病患[REDACTED]累」、「沒關係，你就說剛剛是我派去臺中打針，然後再下來跟我這個診」、「這樣更屌」、「表示我們病人真不少」、有分析MSC（細胞療法）團隊，如有罹癌，也可以使用自體免疫細胞療法，但是細胞培養是送到日本等外觀上讓病人或家屬[REDACTED]人接受被告[REDACTED]的治療方式，對外自稱NK等細胞療法醫療團隊，細胞會送去日本培養，並持網路上下載並套印出現「衛生福利部印」字樣同意書，增加醫療行為的可信度，而共同對訴外人葉綉惠、原告林福財施行詐術，並介紹被告[REDACTED]綉惠或其家屬[REDACTED]，然後由自稱被告[REDACTED]生之被告[REDACTED]患問診，陳昱瑾、徐莉卿負責施打藥劑及回輸血液、聯絡及回覆被告[REDACTED]（暱稱「CellTherapy」）與治療病患[REDACTED]訊軟體LINE等分工；被告[REDACTED]、黃薰慧亦會通知病患[REDACTED]事宜；陳相維則負責接送被告[REDACTED]、陳昱瑾、徐莉卿，或運送病患[REDACTED]；鄭金豐、胡展彰則負責聯絡中國大陸的樂小姐與日本曾振武醫學博士進行NK細胞培養及WT-1癌症疫苗注射。同時其等又共同對葉綉惠、原告林福財以宣稱「(1)最有價值的項目癌症術後復健癌症輔助治療(2)血糖控制及併發症治療(3)溢血性中風救治(4)自體免疫疾病(5)抗老及退化性疾病(6)器官衰竭器官移植(7)全身性安全抗老化(8)醫美再生美容」等詐術，提高病患[REDACTED] 彼等 所安排療程之意願，復以擁有GTP、GMP實驗室生產「X.exosome凍乾粉」製劑，對葉綉惠所罹患之疾病均具有高度之專業醫療能力，致葉綉惠、原告林福財陷於錯誤，誤認被告[REDACTED]對NK療法或葉綉惠所罹患之疾病均具有高度之專業醫療知識與能力，且有國際醫療團隊與被告[REDACTED]，病患[REDACTED]去日本實驗室作細胞培養，而接受被告[REDACTED]所安排以點滴注射各該NK細胞或以肌肉注射WT-1號稱癌症疫苗療程或接受所謂之MSC療法（細胞療法）；或接受其等所安排以點滴或肌肉注射方式接受「X.exosome」療程。 ㈢葉綉惠同意接受被告[REDACTED]療後，被告[REDACTED]昱瑾、徐莉卿即基於前開共同違反醫師[REDACTED]28條前段規定之犯意聯絡，自10,器官移植 匯款 中國,"https://judgment.judicial.gov.tw/FJUD/data.aspx?ty=JD&id=TNDV,113,%E9%86%AB,27,20250422,1&ot=in",20031301dec7f680312f12e98feeb022048c61efbf6bbdb544522c9d377074c1
"TPHM,113,抗,241,20240207,1",臺灣高等法院 113 年度抗字第 241 號刑事裁定,民國 113 年 02 月 07 日,不服羈押,rejected_no_cross_border_anchor,no China/overseas or named-hospital anchor in the transplant window,12,2,organ | payment | custody_provenance,器官移植 | 帳戶 | 捐贈者 | 移植手術 | 羈押,action_3:肝臟捐贈者，此種器官移植手術屬重大醫療手術，自需有術前評估、醫療準備等各項繁雜事宜，則被告辯稱他在此之前頻繁往返於臺北榮民總醫院,,書 證據清單所載證據可資佐證。是以，原審認被告[REDACTED]30條第1項前段、第339條第1項的幫助詐欺及洗錢防制法第14條第1項的幫助洗錢罪嫌疑重大， 核屬 有據。 三、原審認被告[REDACTED]的羈押原因，核有違誤： 原審雖認被告[REDACTED]2次通緝，顯見被告[REDACTED]訴追的心態，有逃亡的事實等語。惟查，被告[REDACTED]指：他於112年11月29日有出庭參與臺北地院111年度訴字第1096號的審理程序，他作為父親113年1月2日換肝手術的肝臟捐贈者，後來父親換肝手術並未成功，已於113年1月7日過世，他於000年0月00日出院後，趕回嘉義老家協助辦理喪事，才返回前述居住地，而於113年1月24日遭警方緝獲等情，已提出與所述相符的臺北地院111年度訴字第1096號112年11月29日審判筆錄與刑事判決、臺北榮民總醫院麻醉同意書、診斷證明書、死亡證明書及訃聞等件為證。由此可知，被告[REDACTED]北地院111年度訴字第1096號112年11月29日的審理 期日 ，且被告[REDACTED]認定為詐欺集團收集帳戶的上游，涉犯 組織犯罪 條例第3條第1項前段的指揮犯罪組織罪，被告[REDACTED]情節、罪名均較本案為重，如被告[REDACTED]之意，當無缺席本案原審於112年11月28日的庭期，卻於 翌日 即000年00月00日出席犯罪情節與罪名均較重的臺北地院111年度訴字第1096號審理期日。又被告[REDACTED]著，以致原審於112年12月19日的庭期並未到庭，但被告[REDACTED]定於113年1月2日擔任他父親換肝手術的肝臟捐贈者，此種器官移植手術屬重大醫療手術，自需有術前評估、醫療準備等各項繁雜事宜，則被告[REDACTED]之前頻繁往返於臺北榮民總醫院，進行換肝、捐肝手術等前期準備程序，以致警察拘提無著等情，亦屬有據。綜上，被告[REDACTED]審法院112年11月28日、112年12月19日的庭期，既然是因未能收到開庭通知，以及為準備捐肝程序致拘提無著，則原審認被告[REDACTED]的羈押原因，核有違誤。 四、原審認被告[REDACTED]同一犯罪之虞的羈押原因，核屬無據： ㈠刑事訴訟法有關於羈押被告[REDACTED]，其中第101條之1第1項是有關於 預防性羈押 制度的規定，其規範的正當性基礎在於風險社會下，於符合手段妥當性、必要性與合理性的前提下，採取 適 當的組織與程序上保護措施，限制犯罪行為人或有再犯之虞的犯人的人身自由，庶以個人生命、身體健康權免於遭受該,器官移植 匯款 中國,"https://judgment.judicial.gov.tw/FJUD/data.aspx?ty=JD&id=TPHM,113,%E6%8A%97,241,20240207,1&ot=in",7ec1f6a8f2e25f90155735dd249097df8f022d5bb7f59aa1d747e8b9fe5e319d
"KLDM,113,訴,249,20250909,5",臺灣基隆地方法院 113 年度訴字第 249 號刑事判決,民國 114 年 09 月 09 日,兒童及少年性剝削防制條例等,rejected_no_cross_border_anchor,no China/overseas or named-hospital anchor in the transplant window,9,1,organ | brokerage | evidence,供述 | 器官移植 | 媒介 | 證人,,,乙女證述彼等於「現代美容舒壓館」從事性交易，斯時均未成年，且經教育遇警臨檢應變方式等情， 業據 甲女、乙女分別證述 綦 詳，佐以上列各項證據，堪認彼等證述屬實，均如前述。參酌被告Ｂ０８上開通訊監察譯文內容、被告Ｂ０９警詢時之供述、在場男客張修睿及陳健秋分別於警詢所述，益可證縱證人Ａ０８、Ａ０３等人證稱「現代美容舒壓館」應徵員工時，有簽寫不得從事違法行為之切結書，或甲女自身存有債務問題，或乙女有施用毒品等節為真，亦均不影響「現代美容舒壓館」於上開時間，確有性交易服務該營業項目之事實。⑵另甲女迫於心理壓力，方在「現代美容舒壓館」包廂，於被告Ｂ０６、Ｂ０８在場之下，簽發如附表四之五即附件所示本票及借據，而該等本票、借據亦由被告Ｂ０６、Ｂ０８拿取各情，業經本院認定如前， 稽之 Ｂ０６、Ｂ０８於該事發前後互動情形，可知即便被告Ｂ０８並未參與賭博，本票、借據亦非被告Ｂ０８提供，均不影響其等確實共同使甲女行無義務之事等情。是被告Ｂ０８、Ｂ０９所辯亦難憑採。 七、 綜上所述 ， 本案事證明確，被告Ｂ０６、Ｂ０７、Ｂ０８、Ｂ０９等人之犯行，均堪認定，各應予 依法論科 。 丙、論罪 科刑 壹、犯罪事實欄一、三所示兒童及少年性剝削防制條例部分 一、按人口販運防制法，於112年6月14日經總統華總一義字第11200050511號令修正公布全文47條，並自113年1月1日施行（於本案無影響）。另該法第2條第2款所規定之人口販運罪，係指從事人口販運，而犯該法、刑法、勞動基準法、兒童及少年性剝削防制條例、人體器官移植條例或其他相關之罪；鑑於人口販運罪係由多種犯罪型態歸納出之犯罪種類，屬於概括犯罪類型之概念，內政部訂定「人口販運罪之類型與適用法條指引」，參酌犯罪學概念，以剝削目的（或結果）為基準，區分「勞動剝削罪」、「性剝削罪」及「器官摘取罪」類型，與本案有關者即「性剝削罪」，包含使兒童及少年為有對價之性交或猥褻罪，意圖營利使未滿16歲男女與他人為性交或猥褻行為罪，兒童及少年性剝削防制條例有相關 加重其刑 之規定等類型。此乃因兒童及少年缺乏健全之意思決定及自我保護能力，故雖未使用強制等違反意願之不法手段，仍就上開各種行為態樣，明定屬人口販運罪（最高法院 102年度台上字第2641 號、 104年度台上字第1246 號判決同旨），惟人口販運防制法於本案被告[REDACTED]對此部分並無刑罰之規定，自應依兒童,器官移植 匯款 中國,"https://judgment.judicial.gov.tw/FJUD/data.aspx?ty=JD&id=KLDM,113,%E8%A8%B4,249,20250909,5&ot=in",b91377f9fed77aef0ea4fa0e8b0ef7d6adc9d76642b2bb28283f0d3a055919f3
"PCDM,113,原侵訴,2,20241217,1",臺灣新北地方法院 113 年度原侵訴字第 2 號刑事判決,民國 113 年 12 月 17 日,兒童及少年性剝削防制條例等,rejected_no_cross_border_anchor,no China/overseas or named-hospital anchor in the transplant window,9,1,organ | brokerage | evidence,器官移植 | 報酬 | 媒介 | 證人,,,-31頁、第32頁、第34頁），核與乙 上開證述相符，堪認被告[REDACTED]乙 從事性交易，並於乙 應允從事性交易後，以試車為由，對乙 為性交行為，乙 在112年5月12日至7月間從事性交易次數極多，其中附表一編號1-5所示男客，均是由戊○○或壬○○為乙 媒介男客，且乙 性交易所得，扣除乙 可分得之報酬後，上繳給癸○○，由癸○○分配。 ⑦綜上，被告[REDACTED]112年5月12日即已知悉乙 僅14歲，且有為事實欄一㈡及一㈢之犯行，洵堪認定。 ㈤被告[REDACTED]護人 聲請 傳喚證人[REDACTED]交互交問，待證事實為：⒈甲女性交易所得究竟係交付給何人、⒉癸○○係於112年5月6日晚間北海岸出遊時始知悉甲女未滿18歲、⒊癸○○第一次見到乙 是在桃園某統一便利超商內，當時楊永銘也在場，此事關涉被告[REDACTED]知悉乙 年齡。然查，楊永銘於上開3時、地是否在場尚屬未明，且就辯護人所指之待證事實，本院依上開事證均已可認定，業如前述，本案事證已臻明瞭無再調查之必要，爰依刑事訴訟法第163條之2規定，無再傳喚之必要， 附此敘明 。 ㈥ 綜上所述 ，被告[REDACTED]辯護人所為辯解均不足採信，本案事證明確，被告[REDACTED]之犯行 堪以認定 ，均應 依法論科 。 二、論罪 科刑 ： ㈠按 人口販運 防制法，於112年6月14日經總統華總一義字第11200050511號令修正公布全文47條，並自113年1月1日施行。該法第2條第2款所規定之人口販運罪，係指從事人口販運，而犯該法、刑法、勞動基準法、兒童及少年性剝削防制條例、人體器官移植條例或其他相關之罪；鑑於人口販運罪係由多種犯罪型態歸納出之犯罪種類，屬於概括犯罪類型之概念，內政部訂定「人口販運罪之類型與適用法條指引」， 參酌 犯罪學概念，以剝削目的（或結果）為基準，區分「勞動剝削罪」、「性剝削罪」及「器官摘取罪」類型，與本案有關者即「性剝削罪」，包含使兒童及少年為有對價之性交或猥褻罪，意圖營利使未滿16歲男女與他人為性交或猥褻行為罪，兒童及少年性剝削防制條例有相關 加重其刑 之規定等類型。此乃因兒童及少年缺乏健全之意思決定及自我保護能力，故雖未使用強制等違反意願之不法手段，仍就上開各種行為 態樣 ，明定屬人口販運罪（最高法院102年度台上字第2641號、104年度台上字第1246號判決同旨），惟人口販運防制法於本案被告[REDACTED]部分並無刑罰之規定，自應依兒童及少,器官移植 匯款 中國,"https://judgment.judicial.gov.tw/FJUD/data.aspx?ty=JD&id=PCDM,113,%E5%8E%9F%E4%BE%B5%E8%A8%B4,2,20241217,1&ot=in",d05b3b4ce13559f91fefcf1cbcc9058b91b361dcba15e0c832ddc72ff1cd74cc
"TNDM,111,醫訴,3,20240109,1",臺灣臺南地方法院 111 年度醫訴字第 3 號刑事判決,民國 113 年 01 月 09 日,詐欺等,rejected_no_cross_border_anchor,no China/overseas or named-hospital anchor in the transplant window,9,2,organ,器官移植,action_3:器官衰竭器官移植(7)全身性安全抗老化(8)醫美再生美容」等話術之 詐術 云云，以提高病患接受 彼 等所安排,,"福利部食品藥物管理署（下稱食藥署）提出申請執行相關臨床試驗，且本應遵循醫療法、藥事法、藥品優良臨床試驗作業準則（Good Clinical Practice，簡稱GCP）等相關規定，完成臨床試驗後，再依藥事法辦理藥品查驗登記，經食藥署核准給藥品許 可證 後始得製造，然製造之廠方設施、設備、組織與人事、生產、品質管制、儲存、運銷、客戶 申訴 及其他應遵行事項，也未達「藥物優良製造準則（PIC/S GMP）」標準，仍擅自製造、販賣、供應、調劑藥品，由朱寶麒或鄭恩柔與楊茗澤聯繫，出貨前並由鄭恩柔製作出貨單、領料單，於109年10月至110年2月間，提供楊茗澤每劑新臺幣（下同）1,000元價格之未經行政院衛生福利部核准製造Exosome（外泌體）680針劑（68盒，其中3盒免費供應），楊茗澤或其指定之陳相維（已另提起公訴）前往「慕求富利冬蟲夏草店」取貨，再由楊茗澤、陳昱瑾、徐莉卿等人（上2人均已另提起公訴）以用生理食鹽水打進去瓶子內溶解，再用針筒抽出來，打至手臂或臀部肌肉或肚皮下注射方式在就診病人身上；又與楊茗澤、高心慧（已另提起公訴）、陳昱瑾、徐莉卿、陳相維等人，竟共同利用病患[REDACTED]治癒疾病之迫切心情，對原 起訴書 附表一編號1（葉綉惠）、3 （郭陽道）、4（葉韋阿理、葉水金）、5（李簡富美、黃郁淳）、7（陳保明、李美萱）等病患[REDACTED]「(1)最有價值的項目癌症術後復健癌症輔助治療(2)血糖控制及併發症治療(3) 溢血性中風救治(4)自體免疫疾病(5)抗老及退化性疾病(6)器官衰竭器官移植(7)全身性安全抗老化(8)醫美再生美容」等話術之 詐術 云云，以提高病患[REDACTED] 彼 等所安排療程之意願，復以擁有GTP、GMP實驗室生產「VitaSpringX.exosome」製劑，致該等被害人葉綉惠等人或其等家屬 [REDACTED] 錯誤 ，誤認 渠等 人「X.exosome」製劑對其等所罹患之疾病均具有高度之專業醫療能力，且有醫療團隊與楊茗澤會診，而接受渠等人所安排以手臂或臀部肌肉注射方式接受「X.exos ome」療程，因而擅自執行為他人施打針劑之醫療業務，而共同基於違反藥事法不得製造、販賣、供應、調劑偽藥使用行為。 ㈡朱寶麒、鄭恩柔明知金湧長生公司所製造之「VitaSpringX.exosome」依照藥事法第20條第1款規定，未經中央主管機關即行政院衛生福利部核准，屬於不得擅自販賣之偽藥",器官移植 匯款 中國,"https://judgment.judicial.gov.tw/FJUD/data.aspx?ty=JD&id=TNDM,111,%E9%86%AB%E8%A8%B4,3,20240109,1&ot=in",564c18c939682f7b4869b478ae005192c51ccbe7d3602234962ddb6915ed9acc
"PCDM,114,原侵訴緝,1,20250415,1",臺灣新北地方法院 114 年度原侵訴緝字第 1 號刑事判決,民國 114 年 04 月 15 日,兒童及少年性剝削防制條例等,rejected_no_cross_border_anchor,no China/overseas or named-hospital anchor in the transplant window,8,1,organ | brokerage,器官移植 | 媒介 | 居間,,,知道我年紀，在見面沒多久時， 我跟甲○○說我念國中三年級，也有在出遊時跟甲○○說我幾歲，出遊當時是全體被告[REDACTED]都在場且聽到，我跟林逸韓講年紀時，甲○○就在旁邊，所以我確定甲○○有聽到我說我的年紀 等語（本院原侵訴卷二第53-56頁），均一致證稱於112年5月12日與被告、潘柏嘉、林逸韓、葉庭儀、王心怡等人一同出遊時，就有跟其等說自己年紀，被告[REDACTED]。被告[REDACTED]辯，然其於本院審理時坦承在板橋存德街住處與乙 相處一週左右，我自己的男客也有很多跟我說我像未成年，所以我才沒有懷疑乙 未成年等語（本院卷第106頁），衡酌被告[REDACTED] 同住在存德街住處1週，完全未曾聊到或提及學校或年紀，實無可能，且被告 [REDACTED]時，雖已滿18歲，男客尚且會質疑其未成年，被告[REDACTED]疑年紀遠小於自己的乙 未成年？被告[REDACTED] 說話神情、面容稚嫩亦應有所懷疑才是，被告[REDACTED]疑乙 未成年云云，顯然不合常情，足認應係臨訟 卸責 之詞， 堪認 被告於112年6月1日前不久媒介男客，及於112年6月1日與乙 一同前往旅館與男客從事性交易時，知悉乙 未成年。 ㈢綜上，本案事證明確，被告[REDACTED]號1所示之犯行 洵堪認定 ，應 依法論科 。 二、論罪 科刑 ： ㈠按 人口販運 防制法，於112年6月14日經總統華總一義字第11200050511號令修正公布全文47條，並自113年1月1日施行。該法第2條第2款所規定之人口販運罪，係指從事人口販運，而犯該法、刑法、勞動基準法、兒童及少年性剝削防制條例、人體器官移植條例或其他相關之罪；鑑於人口販運罪係由多種犯罪型態歸納出之犯罪種類，屬於概括犯罪類型之概念，內政部訂定「人口販運罪之類型與適用法條指引」， 參酌 犯罪學概念，以剝削目的（或結果）為基準，區分「勞動剝削罪」、「性剝削罪」及「器官摘取罪」類型，與本案有關者即「性剝削罪」，包含使兒童及少年為有對價之性交或猥褻罪，意圖營利使未滿16歲男女與他人為性交或猥褻行為罪，兒童及少年性剝削防制條例有相關 加重其刑 之規定等類型。此 乃 因兒童及少年缺乏健全之意思決定及自我保護能力，故雖未使用強制等違反意願之不法手段，仍就上開各種行為 態樣 ，明定屬人口販運罪（最高法院102年度台上字第2641號、104年度台上字第1246號判決同旨），惟人口販運防制法於本案被告[REDACTED]部分並無刑罰之規定，自應依兒童,器官移植 匯款 中國,"https://judgment.judicial.gov.tw/FJUD/data.aspx?ty=JD&id=PCDM,114,%E5%8E%9F%E4%BE%B5%E8%A8%B4%E7%B7%9D,1,20250415,1&ot=in",3ff7296a54da69e2049d0af55ce4e695bcc3df53265b302ab005773662f5def0
"TPHM,114,侵上訴,170,20251028,1",臺灣高等法院 114 年度侵上訴字第 170 號刑事判決,民國 114 年 10 月 28 日,兒童及少年性剝削防制條例等,rejected_no_cross_border_anchor,no China/overseas or named-hospital anchor in the transplant window,8,1,organ | brokerage,器官移植 | 媒介,,,係犯兒童及少年性剝削防制條例第32條第2項意圖營利而媒介使少年為有對價之性交行為罪； 就事實欄一（三）所示部分，係犯刑法第277條第3項之對於14歲以上未滿16歲之女子為性交罪 。茲潘柏嘉提起第二審上訴，其及選任辯護人於本院審理程序時均當庭表明就事實欄一（一）、（三）所示部分，僅針對 量刑 上訴，而就事實欄一（二）所示部分，係針對該部分之事實、罪數、刑度等部分提起上訴（見本院卷第201頁至第202頁）， 揆諸 前述說明，本院針對事實欄一（一）、（三）所示部分，即僅就原判決關於潘柏嘉 量刑 妥適與否進行審理，至於原判決關於事實欄一（一）、（三）所示關於潘柏嘉之其他部分，則非本院審查範圍，但本院就事實欄一（二）所示潘柏嘉部分之審理範圍，則包含事實、罪數及刑度等事項，合先敘明。 貳、針對如事實欄一、（二）所示潘柏嘉部分之上訴乙節： 一、前揭如事實欄一（二）所示之事實， 業據 潘柏嘉於本院審理中 坦承不諱 （見本院卷第201頁至第202頁、第219頁），並有如附表一「 證據 出處」欄所示各項證據為憑，是上揭事實當可認定屬實。進而，本案如事實欄一（二）所示部分之 事證已臻明確 ，潘柏嘉上揭 犯行 堪 以認定，應 依法論科 。 二、論罪部分： （一） 按 人口販運 防制法，於112年6月14日經總統華總一義字第11200050511號令修正公布全文47條，並自113年1月1日施行。該法第2條第2款所規定之人口販運罪，係指從事人口販運，而犯該法、刑法、勞動基準法、兒童及少年性剝削防制條例、人體器官移植條例或其他相關之罪；鑑於人口販運罪係由多種犯罪型態歸納出之犯罪種類，屬於概括犯罪類型之概念，內政部訂定「人口販運罪之類型與適用法條指引」， 參酌 犯罪學概念，以剝削目的（或結果）為基準，區分「勞動剝削罪」、「性剝削罪」及「器官摘取罪」類型，與本案有關者即「性剝削罪」，包含使兒童及少年為有對價之性交或猥褻罪，意圖營利使未滿16歲男女與他人為性交或猥褻行為罪，兒童及少年性剝削防制條例有相關 加重其刑 之規定等類型。此 乃 因兒童及少年缺乏健全之意思決定及自我保護能力，故雖未使用強制等違反意願之不法手段，仍就上開各種行為 態樣 ，明定屬人口販運罪（最高法院102年度台上字第2641號、104年度台上字第1246號判決同旨），惟人口販運防制法於本案被告[REDACTED]部分並無刑罰之規定，自應依兒童,器官移植 匯款 中國,"https://judgment.judicial.gov.tw/FJUD/data.aspx?ty=JD&id=TPHM,114,%E4%BE%B5%E4%B8%8A%E8%A8%B4,170,20251028,1&ot=in",af5c015a3c91f937adac0204977e97da5b22c759494dbd2b1f20e2bb699ec63e
"PCDM,109,金訴,49,20231127,1",臺灣新北地方法院 109 年度金訴字第 49 號刑事判決,民國 112 年 11 月 27 日,證券交易法,rejected_no_cross_border_anchor,no China/overseas or named-hospital anchor in the transplant window,6,1,organ | payment,器官移植 | 帳戶,,,"明芬為華豐公司的 實際負責人，竟不思以正當方式經營華豐公司，為公司賺取最大利益，反為貪圖一己私利，與張滔 共同操縱華豐公司股價，破壞證券市場交易機制，混淆投資人判斷及市場供需價格，造成華豐公司股價悖離市場機制，且被告[REDACTED]為之實現及擬制性獲利金額 高達4,434萬147元 ，對國家金融、經濟秩序所造成之危害甚鉅；而蘇明芬負責提供資金及如附表一編號1至8所示證券帳戶，為遂行操縱股價的重要行為，犯罪情節非輕，且其 犯後 始終否認犯行，犯後態度不佳；另兼衡蘇明芬碩士畢業的 智識程度 、目前從事食品、營造業，離婚，須扶養母親之家庭經濟生活狀況等一切情狀（見本院金訴字第301號卷三第471頁）， 量處如主文第一項所示之刑。 2、張滔部分： 張滔為華豐公司的顧問 ，為貪圖不法利益，與蘇明芬 共同操縱華豐公司股價，破壞證券市場交易機制，混淆投資人判斷及市場供需價格，造成華豐公司股價悖離市場機制，且被告[REDACTED]為之實現及擬制性獲利金額 高達4,434萬147元 ，對國家金融、經濟秩序所造成之危害甚鉅；而張滔負責找尋金主提供如附表一編號9至28所示證券帳戶供其等操縱華豐公司股票並指示下單，為遂行操縱股價的核心事項，犯罪情節非常嚴重，且犯後始終否認犯行，犯後態度不佳，另考量張滔前多次因違反證券交易法之案件而遭法院判決有期徒刑之罪，有臺灣高等法院被告 [REDACTED] 可稽（見本院金訴字第301號卷二第541至575頁），足見張滔素行非佳；兼衡張滔大學畢業的智識程度、之前從事股票投資，已婚，有一個需要器官移植弟弟之家庭經濟生活狀況等一切情狀（見本院金訴字第301號卷三第471頁）， 量處如主文第二項所示之刑。 三、沒收 （一）被告[REDACTED]，證券交易法為因應105年7月1日公布施行之刑法沒收新制，107年1月31日修正公布之證券交易法第171條第7項規定「犯第1項至第3項之罪，犯罪所得屬犯罪行為人或其以外之自然人、 法人 或非法人團體因刑法第38條之1第2項所列情形取得者，除應發還被害人、第三人或得請求損害賠償之人外，沒收之」。依刑法第2條第2項之規定，「刑法沒收、非拘束 人身自由 之 保安處分 適用裁判時之法律」，是就有關犯罪所得之沒收，應逕行適用裁判時之規定。又修正後證券交易法第171條第7項之規定，既在刑法沒收新制生效後始修正施行，依「特別法優於普通法」原則，違反證券交易法第171條第",器官移植 仲介 大陸,"https://judgment.judicial.gov.tw/FJUD/data.aspx?ty=JD&id=PCDM,109,%E9%87%91%E8%A8%B4,49,20231127,1&ot=in",033d4663ae4e9d0a4a91d18db3fdcda0f1f0a0c77cd33041302caefcae9fe43b
"PCDM,111,金訴,301,20231127,2",臺灣新北地方法院 111 年度金訴字第 301 號刑事判決,民國 112 年 11 月 27 日,證券交易法,rejected_no_cross_border_anchor,no China/overseas or named-hospital anchor in the transplant window,6,1,organ | payment,器官移植 | 帳戶,,,"分： 蘇明芬為華豐公司的 實際負責人，竟不思以正當方式經營華豐公司，為公司賺取最大利益，反為貪圖一己私利，與張滔 共同操縱華豐公司股價，破壞證券市場交易機制，混淆投資人判斷及市場供需價格，造成華豐公司股價悖離市場機制，且被告[REDACTED]為之實現及擬制性獲利金額高達4,434萬147元，對國家金融、經濟秩序所造成之危害甚鉅；而蘇明芬負責提供資金及如附表一編號1至8所示證券帳戶，為遂行操縱股價的重要行為，犯罪情節非輕，且其 犯後 始終否認犯行，犯後態度不佳；另兼衡蘇明芬碩士畢業的 智識程度 、目前從事食品、營造業，離婚，須扶養母親之家庭經濟生活狀況等一切情狀（見本院金訴字第301號卷三第471頁）， 量處如主文第一項所示之刑。 2、張滔部分： 張滔為華豐公司的顧問 ，為貪圖不法利益，與蘇明芬 共同操縱華豐公司股價，破壞證券市場交易機制，混淆投資人判斷及市場供需價格，造成華豐公司股價悖離市場機制，且被告[REDACTED]為之實現及擬制性獲利金額高達4,434萬147元，對國家金融、經濟秩序所造成之危害甚鉅；而張滔負責找尋金主提供如附表一編號9至28所示證券帳戶供其等操縱華豐公司股票並指示下單，為遂行操縱股價的核心事項，犯罪情節非常嚴重，且犯後始終否認犯行，犯後態度不佳，另考量張滔前多次因違反證券交易法之案件而遭法院判決有期徒刑之罪，有臺灣高等法院被告 [REDACTED] 可稽（見本院金訴字第301號卷二第541至575頁），足見張滔素行非佳；兼衡張滔大學畢業的智識程度、之前從事股票投資，已婚，有一個需要器官移植弟弟之家庭經濟生活狀況等一切情狀（見本院金訴字第301號卷三第471頁）， 量處如主文第二項所示之刑。 三、沒收 （一）被告[REDACTED]，證券交易法為因應105年7月1日公布施行之刑法沒收新制，107年1月31日修正公布之證券交易法第171條第7項規定「犯第1項至第3項之罪，犯罪所得屬犯罪行為人或其以外之自然人、 法人 或非法人團體因刑法第38條之1第2項所列情形取得者，除應發還被害人、第三人或得請求損害賠償之人外，沒收之」。依刑法第2條第2項之規定，「刑法沒收、非拘束 人身自由 之 保安處分 適用裁判時之法律」，是就有關犯罪所得之沒收，應逕行適用裁判時之規定。又修正後證券交易法第171條第7項之規定，既在刑法沒收新制生效後始修正施行，依「特別法優於普通法」原則，違反證券交易法第171條第",器官移植 仲介 大陸,"https://judgment.judicial.gov.tw/FJUD/data.aspx?ty=JD&id=PCDM,111,%E9%87%91%E8%A8%B4,301,20231127,2&ot=in",ff82c4c95b13275ae0df8c6452c61305daeeb9f9f1440f1966e822e1e514dfd0
"TCBA,110,訴更一,18,20220601,1",臺中高等行政法院 110 年度訴更一字第 18 號判決,民國 111 年 06 月 01 日,醫師法,rejected_no_cross_border_anchor,no China/overseas or named-hospital anchor in the transplant window,5,2,organ | evidence,器官移植 | 移植手術 | 證人,,,新的產品，假設我是法官，我能不能承審頂新的案件一樣，因為他在販賣商品，書是商品，甚至我在不經意的情形下，有喝過電解水都不知道，我只能說他不是我的醫師，他有沒有當過我的親友的醫師，我不知道，但他是名醫，我不排除有。譬如我這樣講好了，我婆婆得了乳癌，也信過自然療法，也看過那本書，可是她當時不是我的婆婆。我的意思是說，我在嫁進我先生家中時，我婆婆已經往生了，我在架上看過原告另外的書。原告原先是林新醫院的王牌醫師，我的親友有沒有被他醫治過，我不知道，但如問我有沒有違反利害關係，我認為沒有。（問：106年11月28日審議當日或之前，證人[REDACTED]有親友曾經接受過原告的診治？）沒有。（問：你婆婆是什麼時候過世的？）我要回想，是我嫁進去前的幾個月婆婆就癌末，我是為了沖喜而結婚的，我的印象是96年2月底結婚的，在結婚後幾個月我婆婆就過世了。」等語。綜觀證人[REDACTED]證詞，尚難認其對本件懲戒事件具有利害關係，此外，亦查無其他積極證據足以證明其具有利害關係，故原告主張被告[REDACTED]聶瑞瑩具有醫師[REDACTED]13條第2項所稱具有利害關係之應迴避事由乙節，尚屬不能證明。 ㈧另最高行政法院發回意旨略以：原告似以神經外科之西醫師[REDACTED]神經外科醫師[REDACTED]並販售可能係屬未經許可而製造之藥品，凡此行為，是否屬於醫師[REDACTED]28條之4第1款及第2款之行為乙節？被告[REDACTED]：除了醫師[REDACTED]業分工，將醫師[REDACTED]、中醫師[REDACTED]定其個別業務範圍，以及限制特定醫療業務之醫師[REDACTED]例外（如：執行人工生產、人體器官移植手術……等），在法律上並無直接限制專科醫師[REDACTED]務範圍或科別之明文規定，其業務範圍並無排他性，只要具備醫師[REDACTED]，無論是否為專科醫師[REDACTED]科別，執行任何醫療行為並無踰越業務範圍之虞即原告既為西醫師，即可從事西醫師[REDACTED]治療等，並無因西醫師[REDACTED]而有所限制。此外，原告所販售的天仙液既屬食品，則應無販售未經許可而製造之藥品之問題。 ㈨ 綜上所述 ，原告身為醫師，其以自身罹癌經驗及專業醫師[REDACTED]，於自身著作之「癌症的整合療法」一書、「許醫師[REDACTED]」及診所官網，薦證天仙液等產品具醫療效能，恐有延誤病患[REDACTED]偏離正規醫療救治之虞，確屬不該，惟原告所薦證及販售者係食品「天仙液」，原處分卻誤為「天仙1號」，有基於錯誤的事實認定之違法；且原告販售之天仙液屬食品，依食品安全衛生管理,器官移植 仲介 大陸,"https://judgment.judicial.gov.tw/FJUD/data.aspx?ty=JD&id=TCBA,110,%E8%A8%B4%E6%9B%B4%E4%B8%80,18,20220601,1&ot=in",dca3bdfbc1f3544f7d4b7a090ea4c8874526a751328a084be384e95ba05f58f3
"TCDM,112,金訴,2686,20250828,1",臺灣臺中地方法院 112 年度金訴字第 2686 號刑事判決,民國 114 年 08 月 28 日,洗錢防制法等,rejected_no_cross_border_anchor,no China/overseas or named-hospital anchor in the transplant window,4,1,organ,器官移植,,,被告[REDACTED]行，有想像競合之 裁判上一罪 關係，為起訴效力所及，本院自得一併審理；而本院於準備程序、審理程序時已經告知被告[REDACTED]，無礙其 防禦權 。 (五)被告[REDACTED]本案詐欺集團成員具有犯意聯絡以及 行為分擔 ，應論以共同 正犯 。 (六)被告[REDACTED]號2所為，係以一行為觸犯上開參與犯罪組織罪、三人以上共同詐欺取財罪、一般洗錢罪；就附表一編號1、3所為，係以一行為觸犯三人以上共同詐欺取財罪、一般洗錢罪，均屬想像競合犯，應依刑法第55條規定，從一重論以三人以上共同詐欺取財罪。 (七)被告[REDACTED]所為，犯意個別，行為互殊，應予分論併罰。 (八)新法之洗錢防制法第23條第2項、詐欺犯罪危害防制條例第47條規定、組織犯罪防治條例第8條第1項後段規定等，均以被告[REDACTED]、審理中自白犯罪為要件，被告[REDACTED]認犯行，自無從依照該等規定減輕其刑。另被告[REDACTED]之角色，屬於詐欺集團詐取被害人金錢之犯罪流程中不可或缺之一環，本院認以被告[REDACTED]，難認其參與犯罪組織之情節輕微，並無適用組織犯罪防制條例第3條第1項但書規定減輕或免除其刑之餘地。 (九)爰以行為人之責任為基礎，審酌被告[REDACTED]會詐欺案件層出不窮，嚴重侵害民眾之財產法益及社會秩序，竟仍為本案犯行，助長社會詐欺風氣，所為實屬不該；復審酌被告[REDACTED]角色較為末端，以及其分擔之部分係收簿行為等； 再審 酌被告[REDACTED]中坦承犯行，且與告訴人[REDACTED]調解，然並未依約給付賠償，告訴人[REDACTED]示遭詐款項 原本 是要用於予其母親器官移植之醫藥費等；末審酌被告[REDACTED]，以及其於本院審理程序中自陳之 智識程度 、家庭狀況、經濟狀況，暨刑法第57條所定之其他一切情狀，分別量處如附表二主文欄所示之刑。復（按：修正前）洗錢防制法第14條第1項固然有應「 併科罰金 刑」之規定，惟屬於想像競合之輕罪，但是在「具體科刑」即形成宣告刑方面，如具體所處罰金以外之較重「徒刑」（例如科處較有期徒刑2月為高之刑度），經整體評價而認並未較輕罪之「法定最輕徒刑及併科罰金」（例如有期徒刑2月及併科罰金）為低時，自得審度上開各情後，裁量是否併科輕罪所定之罰金刑。法院遇有上開情形，於科刑時雖未宣告併科輕罪之罰金刑，惟如已敘明經整體評價而權衡上情後，不予併科輕罪罰金刑，已充分評價行為之不法及罪責內涵，自不得指為違法（最高法院 111年度台上字第977,器官移植 匯款 中國,"https://judgment.judicial.gov.tw/FJUD/data.aspx?ty=JD&id=TCDM,112,%E9%87%91%E8%A8%B4,2686,20250828,1&ot=in",17ed6fb8745dc83803b060356d479feabba74b81323fd72b9efed67223d07bfb
"TYDV,114,婚,137,20260423,1",臺灣桃園地方法院 114 年度婚字第 137 號民事判決,民國 115 年 04 月 23 日,離婚等,rejected_no_cross_border_anchor,no China/overseas or named-hospital anchor in the transplant window,4,1,organ,器官移植,,,"理。Ａ０１自兩造114年2月27日分居後，均按月給付1萬3,000元，並於114年8月31日給付未成年子女註冊費5,000元，是Ａ０２並無代墊扶養費之問題。 ㈣Ａ０２明知Ａ０１為受薪階級，婚後均將工作所得貢獻家庭，經濟並非寬裕，仍堅持高達100萬元至120萬元之和解金，及每月2萬5,000元至3萬元之未成年子女扶養費，Ａ０１為此承受精神壓力，且因對方有意無意暗指若將此事張揚恐致其工作不保，偶有對於Ａ０２有情緒高漲之對話，實屬情有可原。此外，Ａ０２不僅片面要求Ａ０１於114年2月底前搬離住處，更限制Ａ０１與未成年子女之會面交往，甚於228連假偕同其母親至Ａ０１屏東老家欲與Ａ０１父母理論，毫不留情要讓其父母看外遇證據，並在街坊鄰里大肆宣揚Ａ０１之不忠，使Ａ０１父母在鄰里間感到羞愧，如此不留餘地殃及Ａ０１遠在屏東之父母，阻礙Ａ０１與未成年子女之會面交往，不僅加深 彼 此怨懟，更使婚姻裂痕加鉅，致無修補可能。又Ａ０１於另案侵害配偶權訴訟，業經判賠30萬元確定並已清償完畢，而民法第1056條第2項與第184條第1項雖為不同之 請求權 基礎，但法院在審理時仍應審酌另案已受賠償之情事。是縱認Ａ０２因 判決離婚 而受有損害，亦難認其無任何過失，其請求30萬元之離婚 損害賠償 無理由，且金額亦屬過高。 ㈤ 爰 聲明：㊀ 准兩造離婚。 ㊁ 兩造所生未成年子女權利義務行使或負擔由兩造共同任之，並由Ａ０２擔任主要照顧者，關於未成年子女之「住所、戶籍遷移、學籍、出國留學、移民、住院及需全身麻醉之重大手術、器官移植或捐贈、放棄急救或類此之重大決定之醫療行為」由兩造共同決定，其餘由Ａ０２單獨決定。 ㊂Ａ０２之訴駁回，若受不利之判決，願供擔保請准 宣告免為假執行 。 二、Ａ０２起訴主張暨被訴答辯意旨略以： ㈠兩造於104年8月6日結婚，婚後育有未成年子女， 詎 於113年8月間，Ａ０２發現Ａ０１與第三人聯絡頻繁，傳送曖昧並與性有關之訊息，且已發生性行為。Ａ０２原先要求Ａ０１繼續陪伴， 惟 Ａ０１不願與第三人分開，Ａ０２無奈之下始聲請離婚調解，Ａ０１卻多次責罵Ａ０２，並要求Ａ０２撤回聲請，或對Ａ０２之父裝可憐藉此對Ａ０２情緒勒索，屢表示不願至法院調解，直至114年2月20日始提出與Ａ０２預期有相當落差之離婚條件，故離婚調解不成立。而Ａ０２於113年10月25日先對第三人提出侵害配偶權之損害賠償訴訟，",器官移植 匯款 中國,"https://judgment.judicial.gov.tw/FJUD/data.aspx?ty=JD&id=TYDV,114,%E5%A9%9A,137,20260423,1&ot=in",4f3ff1f2f9fca99553a6d6573bb1c3888ee772d5200a8fcea93cee2f00aca8b6
"TYDV,114,婚,177,20260423,1",臺灣桃園地方法院 114 年度婚字第 177 號民事判決,民國 115 年 04 月 23 日,離婚等,rejected_no_cross_border_anchor,no China/overseas or named-hospital anchor in the transplant window,4,1,organ,器官移植,,,"應屬合理。Ａ０２自兩造114年2月27日分居後，均按月給付1萬3,000元，並於114年8月31日給付未成年子女註冊費5,000元，是Ａ０１並無代墊扶養費之問題。 ㈣Ａ０１明知Ａ０２為受薪階級，婚後均將工作所得貢獻家庭，經濟並非寬裕，仍堅持高達100萬元至120萬元之和解金，及每月2萬5,000元至3萬元之未成年子女扶養費，Ａ０２為此承受精神壓力，且因對方有意無意暗指若將此事張揚恐致其工作不保，偶有對於Ａ０１有情緒高漲之對話，實屬情有可原。此外，Ａ０１不僅片面要求Ａ０２於114年2月底前搬離住處，更限制Ａ０２與未成年子女之會面交往，甚於228連假偕同其母親至Ａ０２屏東老家欲與Ａ０２父母理論，毫不留情要讓其父母看外遇證據，並在街坊鄰里大肆宣揚Ａ０２之不忠，使Ａ０２父母在鄰里間感到羞愧，如此不留餘地殃及Ａ０２遠在屏東之父母，阻礙Ａ０２與未成年子女之會面交往，不僅加深 彼 此怨懟，更使婚姻裂痕加鉅，致無修補可能。又Ａ０２於另案侵害配偶權訴訟，業經判賠30萬元確定並已清償完畢，而民法第1056條第2項與第184條第1項雖為不同之 請求權 基礎，但法院在審理時仍應審酌另案已受賠償之情事。是縱認Ａ０１因 判決離婚 而受有損害，亦難認其無任何過失，其請求30萬元之離婚 損害賠償 無理由，且金額亦屬過高。 ㈤ 爰 聲明：㊀准兩造離婚。㊁兩造所生未成年子女權利義務行使或負擔由兩造共同任之，並由Ａ０１擔任主要照顧者，關於未成年子女之「住所、戶籍遷移、學籍、出國留學、移民、住院及需全身麻醉之重大手術、器官移植或捐贈、放棄急救或類此之重大決定之醫療行為」由兩造共同決定，其餘由Ａ０１單獨決定。㊂Ａ０１之訴駁回，若受不利之判決，願供擔保請准 宣告免為假執行 。 二、Ａ０１起訴主張暨被訴答辯意旨略以： ㈠兩造於104年8月6日結婚，婚後育有未成年子女， 詎 於113年8月間，Ａ０１發現Ａ０２與第三人聯絡頻繁，傳送曖昧並與性有關之訊息，且已發生性行為。Ａ０１原先要求Ａ０２繼續陪伴， 惟 Ａ０２不願與第三人分開，Ａ０１無奈之下始聲請離婚調解，Ａ０２卻多次責罵Ａ０１，並要求Ａ０１撤回聲請，或對Ａ０１之父裝可憐藉此對Ａ０１情緒勒索，屢表示不願至法院調解，直至114年2月20日始提出與Ａ０１預期有相當落差之離婚條件，故離婚調解不成立。而Ａ０１於113年10月25日先對第三人提出侵害配偶權之損害賠償訴訟，然",器官移植 匯款 中國,"https://judgment.judicial.gov.tw/FJUD/data.aspx?ty=JD&id=TYDV,114,%E5%A9%9A,177,20260423,1&ot=in",d5e0ee481bb37c7b646c042c76fd15263628082042547abf35c8e0c8539381a4
"KSHM,103,上訴,644,20160120,1",臺灣高等法院 高雄分院 103 年度上訴字第 644 號刑事判決,民國 105 年 01 月 20 日,偽造文書等,rejected_no_local_window,no transplant-term window found,0,0,,,,,,器官移植 匯款 中國,"https://judgment.judicial.gov.tw/FJUD/data.aspx?ty=JD&id=KSHM,103,%E4%B8%8A%E8%A8%B4,644,20160120,1&ot=in",3d4ecf76717d54e010088bb1dd4b472d3e74bb76aadd8a854c6864b9ba8ae10a
"KSHM,103,上訴,645,20160120,1",臺灣高等法院 高雄分院 103 年度上訴字第 645 號刑事判決,民國 105 年 01 月 20 日,偽造文書等,rejected_no_local_window,no transplant-term window found,0,0,,,,,,器官移植 匯款 中國,"https://judgment.judicial.gov.tw/FJUD/data.aspx?ty=JD&id=KSHM,103,%E4%B8%8A%E8%A8%B4,645,20160120,1&ot=in",d0ae7e9a633539c8422ab2ca8288987a5fc3d9e6bfbf9dec505cd7ae40a2dab8
"NTDV,105,醫,4,20171130,1",臺灣南投地方法院 105 年度醫字第 4 號民事判決,民國 106 年 11 月 30 日,侵權行為損害賠償,rejected_no_local_window,no transplant-term window found,0,0,,,,,,器官移植 匯款 中國,"https://judgment.judicial.gov.tw/FJUD/data.aspx?ty=JD&id=NTDV,105,%E9%86%AB,4,20171130,1&ot=in",0379a9ca3cb06e4091912af732e5f7aa3f6ecd1f65bbb4f6e68a5e506bf1091b
"TCDM,105,審簡,1209,20160919,1",臺灣臺中地方法院 105 年度審簡字第 1209 號刑事判決,民國 105 年 09 月 19 日,詐欺,rejected_no_local_window,no transplant-term window found,0,0,,,,,,器官移植 匯款 中國 | 器官買賣 中國 移植,"https://judgment.judicial.gov.tw/FJUD/data.aspx?ty=JD&id=TCDM,105,%E5%AF%A9%E7%B0%A1,1209,20160919,1&ot=in",91c92d071ac4589825f2a48962133ded6e4f3b0413d5858f1ce0fbd3ba2e8e67
"TCDM,105,易,1185,20170302,1",臺灣臺中地方法院 105 年度易字第 1185 號刑事判決,民國 106 年 03 月 02 日,詐欺,rejected_no_local_window,no transplant-term window found,0,0,,,,,,器官移植 仲介 大陸,"https://judgment.judicial.gov.tw/FJUD/data.aspx?ty=JD&id=TCDM,105,%E6%98%93,1185,20170302,1&ot=in",7e7d4a9d819355c66f3c310075c8136b6746b1959069ec1847abf48981169177
"TCDM,105,易,711,20170302,1",臺灣臺中地方法院 105 年度易字第 711 號刑事判決,民國 106 年 03 月 02 日,詐欺,rejected_no_local_window,no transplant-term window found,0,0,,,,,,器官移植 仲介 大陸,"https://judgment.judicial.gov.tw/FJUD/data.aspx?ty=JD&id=TCDM,105,%E6%98%93,711,20170302,1&ot=in",ba810569b647c0fd1d3b84dc7c10b850afdee4c0500d74c48f6102d218c91ebb
"TNDV,105,醫,15,20190226,1",臺灣臺南地方法院 105 年度醫字第 15 號民事判決,民國 108 年 02 月 26 日,債務不履行損害賠償,rejected_no_local_window,no transplant-term window found,0,0,,,,,,中山大學附屬第一醫院 移植,"https://judgment.judicial.gov.tw/FJUD/data.aspx?ty=JD&id=TNDV,105,%E9%86%AB,15,20190226,1&ot=in",97b981a12999c8a1694681ad6dca31d575c75fea6f7371767e6f2fff0cae105d
"TNHM,105,矚上重訴,455,20170217,1",臺灣高等法院 臺南分院 105 年度矚上重訴字第 455 號刑事判決,民國 106 年 02 月 17 日,賄選,rejected_no_local_window,no transplant-term window found,0,0,,,,,,腎臟移植 仲介 中國,"https://judgment.judicial.gov.tw/FJUD/data.aspx?ty=JD&id=TNHM,105,%E7%9F%9A%E4%B8%8A%E9%87%8D%E8%A8%B4,455,20170217,1&ot=in",7438ba83eaa3d23deef12351e6e199c5ee7076a786e71bad6c3171a0786cab6e
