file_name,title_ch,journal_year,candidate_passages,minimum_string_distance,notes,target_strings,matching_strings,context_examples,execution_or_custody_passages,brain_death_passages,death_determination_passages,cardiorespiratory_arrest_passages,airway_or_ventilation_passages,consent_or_family_passages,donation_system_passages,donor_language_passages
0850.txt,心脏死亡器官捐献供体肝脏移植系统的建立和评价(附73例报告),2016,1,0.49604736932103,,供者行气管插管,行腹主动脉插管,合上方，横切口经脐水平至两侧腋中线。入腹后剪开肝圆韧带及镰状韧带，将消毒冰屑撒在肝脏及双肾表面降温的同时，迅速判断是否适宜作供肝使用。然后先行腹主动脉插管灌注肾脏保存液3000mL＋UW液（施尔生，GenzymePolyclonalsS．A．S．，法国）500mL，依靠重力灌注，灌,0,0,0,0,1,0,0,1
0895.txt,心脏死亡器官捐献中器官获取的手术技巧,2016,2,0.49604736932103,,供者行气管插管 | 供肺切取:供体气管插管,行下腔静脉插管 | 性供肝”，尽管它使供体,而低压灌注会导致灌注不良[10]。下腔静脉通畅的引流是充分有效灌注的必要条件，同时可保持术野清晰，尤其是针对肝脏热缺血时间较长的供者，可以先行下腔静脉插管引流减压，以避免循环衰竭后对肝脏有害的物质堵塞在肝脏，流出道引流管不要插入太深，其管口应位于肾静脉开口水平以下，以免压迫右肾动脉 || 心跳供者，可同时保护肝肾器官的质量，获取方法简单快捷、安全可靠[16]，近期移植疗效满意，值得在临床上推广。目前，DCD供肝仍然被视为“边缘性供肝”，尽管它使供体数量总体上增加了10％~20％[17]，但其发生原发性移植肝无功能及移植肝功能障碍的风险仍较大。总之，在DCD器官切取手,0,0,0,0,2,0,0,2
1169.txt,1例再次肺移植治疗重度原发性移植物功能丧失患者的护理,2016,11,0.198216274262727,,"气管切开气管插管 | 脑死亡后,气管插管 | 脑死亡后迅速气管插管 | 脑死亡后插入气管导管 | 供体平卧位，气管插管 | 脑死亡后,紧急气管插管 | 供者平卧位,气管插管 | 供体心肺的切取气管插管 | 脑死亡后立即气管内插管给氧 | 供心的切取供体气管插管后 | 供肺切取:供体气管插管",口气管插管，拔管 | 口气管插管，拔管后 | 经口气管插管，拔管后 | 除经口气管插管，拔管 | 除经口气管插管，拔管后 | 除经口气管插管，拔管后采用 | 除经口气管插管，拔管后采,通气治疗提供了极其重要的保证［12］。两次移植术后当日行纤维支气管镜检查，可见呼吸道黏膜充血水肿、气道大量黄色水肿液。术后第6天，顺利拔除经口气管插管，拔管后采用经鼻高流量临床实践1273CMYK_x000C_第49卷第1期2014年中华护理杂志ChinJNurs，October2016，Vo || 械通气治疗提供了极其重要的保证［12］。两次移植术后当日行纤维支气管镜检查，可见呼吸道黏膜充血水肿、气道大量黄色水肿液。术后第6天，顺利拔除经口气管插管，拔管后采用经鼻高流量临床实践1273CMYK_x000C_第49卷第1期2014年中华护理杂志ChinJNurs，October2016，V || 机械通气治疗提供了极其重要的保证［12］。两次移植术后当日行纤维支气管镜检查，可见呼吸道黏膜充血水肿、气道大量黄色水肿液。术后第6天，顺利拔除经口气管插管，拔管后采用经鼻高流量临床实践1273CMYK_x000C_第49卷第1期2014年中华护理杂志ChinJNurs，October2016，,0,5,0,0,11,0,0,5
1449.txt,心脏移植术44例的规范护理配合体会,2016,1,0.452277442494834,,快速胸部正中切口进胸,用后，行胸骨正中切口,管理，协助ECMO手术者仔细固定导管。（2）器械护士于手术开始前半小时，洗手上台整理所有手术台上的物品，协助医生常规消毒铺巾。医生确认供心可用后，行胸骨正中切口，建立体外循环，切除患者病变心脏，在0℃0．9％氯化钠溶液中进行修剪供心，减少心肌耗氧量，有利于心脏的复搏。吻合前经主动脉,0,0,0,0,0,0,0,1
2174.txt,肺移植手术体外膜肺氧合患者术后死亡的因素分析,2016,2,0.494818514459077,,脑死亡后插入气管导管 | 供者行气管插管,导丝引导下置入导管后 | 动脉供血管进行,使用ＥＣＭＯ术中支持。使用美敦力（美国）或迈柯唯（德国）涂层套包，预充乳酸钠溶液并加入白蛋白20g。股动静脉采用肝素涂层插管，于直视下切开，导丝引导下置入导管后固定。常规监测ＥＣＭＯ流量、转速、体温、水温、ＡＣＴ、下肢血供、足背动脉搏动、氧合器血浆渗漏和泵头血栓情况，常规监测患者血 || 股动静脉插管的远端因血流缓慢容易造成血栓的形成。动脉奢灌、充血，股静脉插管远端静脉回流相对不畅，可能是发生肢体不良反应的主要原因。通过对分支动脉供血管进行控制，可以降低插管侧股浅动脉流量，减缓、阻止肢体肿胀加重［8］。综上所述，影响ＥＣＭＯ死亡的因素有术前的心功能分级差、低心指数、,0,1,0,0,2,0,0,1
2202.txt,心脏死亡器官捐献肝移植的供体功能维护,2016,15,0.25,,"供体平卧位，气管插管 | 供者气管插管 | 气管切开气管插管 | 供体手术气管插管通气 | 供者行气管插管 | 供肺切取:供体气管插管 | 供体心肺的切取气管插管 | 供心的切取供体气管插管后 | 供体手术气管插管 | 供者平卧位,气管插管 | 供心保护脑死亡后用麻醉机维持呼吸 | 经气管切开气管插管建立人工呼吸 | 脑死亡后,气管插管 | 脑死亡后迅速气管插管 | 脑死亡后插入气管导管",供体器官，如气管插管 | ，如气管插管 | 器官，如气管插管 | 官，如气管插管 | 害供体器官，如气管插管 | 损害供体器官，如气管插管 | 心脏死亡器官捐献供体维护脑死亡后 | 管插管准备、暴露血管、血管插管 | 体器官，如气管插管 | 管插管准备、暴露血管,所引起的损害，可采取补充甲状腺素、肾上腺皮质激素，抗凝血、升血压、维持水电解质平衡和机械正压通气等措施。在器官维护过程中治疗处理不当也会损害供体器官，如气管插管过深、过度脱水导致的容量不足、大剂量甘露醇使用后的肾损伤、气道护理不当、呼吸及参数调节不当、无菌操作不严、长期大量使用升压 || 损害，可采取补充甲状腺素、肾上腺皮质激素，抗凝血、升血压、维持水电解质平衡和机械正压通气等措施。在器官维护过程中治疗处理不当也会损害供体器官，如气管插管过深、过度脱水导致的容量不足、大剂量甘露醇使用后的肾损伤、气道护理不当、呼吸及参数调节不当、无菌操作不严、长期大量使用升压药物等。 || 起的损害，可采取补充甲状腺素、肾上腺皮质激素，抗凝血、升血压、维持水电解质平衡和机械正压通气等措施。在器官维护过程中治疗处理不当也会损害供体器官，如气管插管过深、过度脱水导致的容量不足、大剂量甘露醇使用后的肾损伤、气道护理不当、呼吸及参数调节不当、无菌操作不严、长期大量使用升压药物 || 的损害，可采取补充甲状腺素、肾上腺皮质激素，抗凝血、升血压、维持水电解质平衡和机械正压通气等措施。在器官维护过程中治疗处理不当也会损害供体器官，如气管插管过深、过度脱水导致的容量不足、大剂量甘露醇使用后的肾损伤、气道护理不当、呼吸及参数调节不当、无菌操作不严、长期大量使用升压药物等 || 化所引起的损害，可采取补充甲状腺素、肾上腺皮质激素，抗凝血、升血压、维持水电解质平衡和机械正压通气等措施。在器官维护过程中治疗处理不当也会损害供体器官，如气管插管过深、过度脱水导致的容量不足、大剂量甘露醇使用后的肾损伤、气道护理不当、呼吸及参数调节不当、无菌操作不严、长期大量使用升,0,4,0,0,15,0,1,15
2243.txt,一例同种异体肺移植术的护理配合体会,2016,4,0.377200844670782,,"供肺切取:供体气管插管 | 进行供心、肺切取,吸净气管分泌物,气管插管给氧 | 供体全身肝素化后，仰卧位，经口气管内插管 | 供心的切取供体气管插管后",闭气管并切断，取出供肺 | 气管、取出病肺。冲洗供肺气管，分别吻合支气管、 | 冲洗供肺气管，吸引器吸净气管内液体后，4 | 钳夹闭气管并切断，取出供,水予肺表面降温。肺动脉缝荷包置灌注管路，将左心耳和下腔静脉剪口，开始灌注。剪断上腔静脉和主动脉。麻醉医生吸痰膨肺，当肺处在膨胀状态时长弯钳夹闭气管并切断，取出供肺，置于无菌冰水盆中。予肺动脉、肺静脉开口正逆交替停止肺动脉灌注，直至回流液清亮无色。修剪供肺，游离肺动脉、肺静脉、支气管 || 5肋间沿第6肋上缘开胸。进入胸腔转为右肺通气，分离心包处胸膜，至肺门剪开心包露出肺动脉，并游离出肺静脉。切断肺静脉、分离并剪断肺动脉、切断支气管、取出病肺。冲洗供肺气管，分别吻合支气管、肺动脉、肺静脉，放置胸腔闭式引流后鼓肺。开放肺动脉，肺静脉排气后吻合口打结，彻底止血，缝合切口。 || 分离至肺门，血管切割闭合器切断肺静脉，递0号丝线牵引肺动脉，2把阻断钳阻断肺动脉并剪断，电刀切断支气管，取出病肺。递球式注洗器吸取黏膜消毒液冲洗供肺气管，吸引器吸净气管内液体后，4-0PDS缝合支气管，继而，4-0PDS缝合线间断缝合气管外组织，包住气管。5-0Prolene缝合肺 || 冰盐水予肺表面降温。肺动脉缝荷包置灌注管路，将左心耳和下腔静脉剪口，开始灌注。剪断上腔静脉和主动脉。麻醉医生吸痰膨肺，当肺处在膨胀状态时长弯钳夹闭气管并切断，取出供肺，置于无菌冰水盆中。予肺动脉、肺静脉开口正逆交替停止肺动脉灌注，直至回流液清亮无色。修剪供肺，游离肺动脉、肺静脉、支,0,0,0,0,4,0,0,4
2370.txt,2例濒危状态终末期肺病患者双肺移植围术期护理体会,2016,14,0.125,,"供者气管插管 | 供者行气管插管 | 脑死亡后,紧急气管插管 | 脑死亡后迅速气管插管 | 脑死亡后插入气管导管 | 脑死亡后,气管插管 | 供者平卧位,气管插管 | 供体平卧位，气管插管 | 脑死亡后气管紧急插管,纯氧通气 | 脑死亡后用麻醉机维持呼吸 | 供体全身肝素化后，仰卧位，经口气管内插管 | 脑死亡后，用麻醉机维持呼吸 | 供体心肺的切取气管插管 | 供肺切取:供体气管插管",者，气管插管 | 献者，气管插管 | 脑死亡捐献者，气管插管 | 死亡捐献者，气管插管 | 亡捐献者，气管插管 | 脑死亡捐献者，气管插管呼吸机支 | 后维持气管切开呼吸机支持 | 供体，49岁男性，脑死亡捐献者，气管插管 | h，术后维持气管切开呼吸机 | 腔气管插管全麻下行双肺,酸血症（PaCO2＞80mmHg）及昏迷，在ICU机械通气维持呼吸20d后行双肺移植。1．2供体情况例1“O”型供体，44岁男性，脑死亡捐献者，气管插管呼吸机支持5d，经评估氧合指数＞400，期间曾因发热血象高于泰能抗感染治疗，无吸烟史。例2“O”型供体，49岁男性，脑死亡捐献者， || 碳酸血症（PaCO2＞80mmHg）及昏迷，在ICU机械通气维持呼吸20d后行双肺移植。1．2供体情况例1“O”型供体，44岁男性，脑死亡捐献者，气管插管呼吸机支持5d，经评估氧合指数＞400，期间曾因发热血象高于泰能抗感染治疗，无吸烟史。例2“O”型供体，49岁男性，脑死亡捐献者 || 在严重高碳酸血症（PaCO2＞80mmHg）及昏迷，在ICU机械通气维持呼吸20d后行双肺移植。1．2供体情况例1“O”型供体，44岁男性，脑死亡捐献者，气管插管呼吸机支持5d，经评估氧合指数＞400，期间曾因发热血象高于泰能抗感染治疗，无吸烟史。例2“O”型供体，49岁男性，脑死 || 严重高碳酸血症（PaCO2＞80mmHg）及昏迷，在ICU机械通气维持呼吸20d后行双肺移植。1．2供体情况例1“O”型供体，44岁男性，脑死亡捐献者，气管插管呼吸机支持5d，经评估氧合指数＞400，期间曾因发热血象高于泰能抗感染治疗，无吸烟史。例2“O”型供体，49岁男性，脑死亡 || 重高碳酸血症（PaCO2＞80mmHg）及昏迷，在ICU机械通气维持呼吸20d后行双肺移植。1．2供体情况例1“O”型供体，44岁男性，脑死亡捐献者，气管插管呼吸机支持5d，经评估氧合指数＞400，期间曾因发热血象高于泰能抗感染治疗，无吸烟史。例2“O”型供体，49岁男性，脑死亡捐,0,14,0,0,14,0,12,14
2401.txt,146例脑死亡器官捐献心脏移植手术期管理,2016,4,0.422649730810374,,供心的切取供体气管插管后 | 快速胸部正中切口进胸 | 供心切取配合..气管插管 | 供体心肺的切取气管插管,体的处理方法：供心切取后 | 毒铺巾，胸骨正中切口 | 死亡供心获取中的配合与管 | 亡供心获取中的配合与管,动脉根部顺行灌注冷心肌保护液，并维持速度和压力，使心肌得到有效灌注并均匀降温。同时倒0~4℃无菌0．9％氯化钠降低心脏表面温度。转运过程中具体的处理方法：供心切取后立即置入盛有4℃ＨＴＫ液的无菌标本袋内，排除袋内空气，扎紧袋口，再将此袋放入第2个盛有冰泥的无菌标本袋并扎紧，最后置于 || 例，心脏肿瘤4例，先天性心脏病15例。术前心功能均为ＮＹＨＡ－Ⅳ级，内科保守治疗无效，预期寿命＜1年。1．2供心获取术捐献者取平卧位，常规消毒铺巾，胸骨正中切口入路，纵行劈开胸骨，倒Ｔ型切开心包显露心脏。阻断升主动脉，于阻断钳近端插针灌注冷晶体停搏液1000ml，同时剪开右上肺静脉 || 内开展ＤＢＤ心脏移植的例数和经验仍十分有限。同以往传统供心相比，脑死亡供体术前状况及获取时机存在更多影响因素，术中处理存在其特殊性。因此对脑死亡供心获取中的配合与管理，移植术中病情观察和护理需要探讨与总结。1临床资料1．1一般资料回顾性分析2013－01－2015－07在我院实施的 || 开展ＤＢＤ心脏移植的例数和经验仍十分有限。同以往传统供心相比，脑死亡供体术前状况及获取时机存在更多影响因素，术中处理存在其特殊性。因此对脑死亡供心获取中的配合与管理，移植术中病情观察和护理需要探讨与总结。1临床资料1．1一般资料回顾性分析2013－01－2015－07在我院实施的1,0,2,0,0,3,0,1,4
2460.txt,离体肺灌注技术在肺移植中的应用进展,2016,18,0.25,,"供者气管插管 | 供体手术气管插管通气 | 气管切开气管插管 | 供者行气管插管 | 脑死亡后迅速气管插管进行机械通气 | 供体手术气管插管 | 脑死亡后,气管插管 | 供体平卧位，气管插管 | 供体心肺的切取气管插管 | 脑死亡后迅速气管插管 | 脑死亡后插入气管导管 | 供者平卧位,气管插管 | 供肺切取:供体气管插管 | 脑死亡后气管紧急插管,纯氧通气 | 经气管切开气管插管建立人工呼吸 | 脑死亡后,紧急气管插管 | 脑死亡后立即气管内插管给氧 | 供体心肺的获取和保护..行气管插管通气",肺部气管插管 | 部气管插管和机械通气 | 给予肺部气管插管 | 予肺部气管插管 | 式，并给予肺部气管插管和机械通气 | 气管插管和机械通气 | ，并给予肺部气管插管 | 肺部气管插管和机械通气 | 肺评估供肺运输供肺供体 | ，并给予肺部气管插管和机械通气 | 给予肺部气管插管和机械通气 | 灌注方式，并给予肺部气管插管和机械通气,势是使细胞保持活跃的代谢功能，从而为离体保存期间持续评估肺功能提供便利[18]。目前采用的EVLP的灌注装置模拟生理状态下的灌注方式，并给予肺部气管插管和机械通气等支持手段。利用多种传感器测量EVLP系统中的多种参数，包括肺动静脉气体分压、pH、温度、流量、灌注压、通气参数等，此外 || 是使细胞保持活跃的代谢功能，从而为离体保存期间持续评估肺功能提供便利[18]。目前采用的EVLP的灌注装置模拟生理状态下的灌注方式，并给予肺部气管插管和机械通气等支持手段。利用多种传感器测量EVLP系统中的多种参数，包括肺动静脉气体分压、pH、温度、流量、灌注压、通气参数等，此外， || 大优势是使细胞保持活跃的代谢功能，从而为离体保存期间持续评估肺功能提供便利[18]。目前采用的EVLP的灌注装置模拟生理状态下的灌注方式，并给予肺部气管插管和机械通气等支持手段。利用多种传感器测量EVLP系统中的多种参数，包括肺动静脉气体分压、pH、温度、流量、灌注压、通气参数等， || 优势是使细胞保持活跃的代谢功能，从而为离体保存期间持续评估肺功能提供便利[18]。目前采用的EVLP的灌注装置模拟生理状态下的灌注方式，并给予肺部气管插管和机械通气等支持手段。利用多种传感器测量EVLP系统中的多种参数，包括肺动静脉气体分压、pH、温度、流量、灌注压、通气参数等，此 || 注的一大优势是使细胞保持活跃的代谢功能，从而为离体保存期间持续评估肺功能提供便利[18]。目前采用的EVLP的灌注装置模拟生理状态下的灌注方式，并给予肺部气管插管和机械通气等支持手段。利用多种传感器测量EVLP系统中的多种参数，包括肺动静脉气体分压、pH、温度、流量、灌注压、通气参,0,7,0,0,18,0,0,9
2510.txt,股动静脉插管置入体外膜肺辅助序贯式双肺移植手术巡回护士的护理配合,2016,5,0.0,,面罩吸氧 | 协助麻醉医生进行支纤镜检查后进行供体气管插管 | 协助麻醉医生进行支纤镜检查后进行气管插管 | 脑死亡后插入气管导管 | 供体全身肝素化后，仰卧位，经口气管内插管,面罩吸氧 | 支气管镜定位，麻醉后留置尿管。协助麻醉师进行 | 管镜定位，麻醉后留置尿管。协助麻醉师进行 | 气管导管，纤维支气管 | 管导管，纤维支气管镜定位，麻醉后留置尿管,，给病人脱去衣裤，在上肢建立外周静脉，在尾骶部、双肩胛骨处、双侧髋部、双足跟或踝部贴康惠尔减压贴保护皮肤。2．2．2麻醉配合协助麻醉师给病人面罩吸氧，监测血压、心电图、血氧饱和度，局部麻醉下行桡动脉穿刺置管。得到确认供肺质量情况良好的报告后协助麻醉师全身麻醉诱导，置入双腔支气管导管 || ，监测血压、心电图、血氧饱和度，局部麻醉下行桡动脉穿刺置管。得到确认供肺质量情况良好的报告后协助麻醉师全身麻醉诱导，置入双腔支气管导管，纤维支气管镜定位，麻醉后留置尿管。协助麻醉师进行右颈内静脉穿刺，置入漂浮导管监测肺动脉压力；协助医生右锁骨下静脉穿刺，置入中心静脉导管；协助医生左 || 测血压、心电图、血氧饱和度，局部麻醉下行桡动脉穿刺置管。得到确认供肺质量情况良好的报告后协助麻醉师全身麻醉诱导，置入双腔支气管导管，纤维支气管镜定位，麻醉后留置尿管。协助麻醉师进行右颈内静脉穿刺，置入漂浮导管监测肺动脉压力；协助医生右锁骨下静脉穿刺，置入中心静脉导管；协助医生左股动 || 给病人面罩吸氧，监测血压、心电图、血氧饱和度，局部麻醉下行桡动脉穿刺置管。得到确认供肺质量情况良好的报告后协助麻醉师全身麻醉诱导，置入双腔支气管导管，纤维支气管镜定位，麻醉后留置尿管。协助麻醉师进行右颈内静脉穿刺，置入漂浮导管监测肺动脉压力；协助医生右锁骨下静脉穿刺，置入中心静脉导 || 病人面罩吸氧，监测血压、心电图、血氧饱和度，局部麻醉下行桡动脉穿刺置管。得到确认供肺质量情况良好的报告后协助麻醉师全身麻醉诱导，置入双腔支气管导管，纤维支气管镜定位，麻醉后留置尿管。协助麻醉师进行右颈内静脉穿刺，置入漂浮导管监测肺动脉压力；协助医生右锁骨下静脉穿刺，置入中心静脉导管,0,1,0,0,3,0,0,5
2527.txt,体外膜肺氧合在肺移植围术期的应用进展,2016,3,0.3,,供体手术气管插管 | 供体手术气管插管通气 | 供体心肺的切取气管插管,插管技术、体外管 | 包括插管技术、体外管 | 括插管技术、体外管径的,了较好的临床效果，其生存率为80%以上，ECMO对新生儿的疗效优于成人，对呼吸功能衰竭的疗效优于心脏功能衰竭［8］。ECMO技术要求高，包括插管技术、体外管径的选择、机械通气向ECMO的过渡、最小的肝素化、最理想的氧供、血液超滤技术的应用、维持体液平衡及营养供给等，同时在治疗中患者 || 获得了较好的临床效果，其生存率为80%以上，ECMO对新生儿的疗效优于成人，对呼吸功能衰竭的疗效优于心脏功能衰竭［8］。ECMO技术要求高，包括插管技术、体外管径的选择、机械通气向ECMO的过渡、最小的肝素化、最理想的氧供、血液超滤技术的应用、维持体液平衡及营养供给等，同时在治疗中 || 得了较好的临床效果，其生存率为80%以上，ECMO对新生儿的疗效优于成人，对呼吸功能衰竭的疗效优于心脏功能衰竭［8］。ECMO技术要求高，包括插管技术、体外管径的选择、机械通气向ECMO的过渡、最小的肝素化、最理想的氧供、血液超滤技术的应用、维持体液平衡及营养供给等，同时在治疗中患,0,0,0,0,3,0,0,3
2541.txt,中国肺移植面临的困难及对策,2016,10,0.25,,"供者气管插管 | 气管切开气管插管 | 供者行气管插管 | 供体心肺的切取气管插管 | 供体手术气管插管 | 供体手术气管插管通气 | 经气管切开气管插管建立人工呼吸 | 脑死亡后,气管插管 | 供心的切取供体气管插管后 | 供肺切取:供体气管插管",长期气管插管 | 支气管镜检查气管 | 是长期气管插管 | 的肺源都是长期气管插管 | 都是长期气管插管 | 气管的长度与支气管吻 | 取的肺源都是长期气管插管、呼吸 | 源都是长期气管插管 | 取的肺源都是长期气管插管,地利用供体。2．制定供肺标准、维护标准及转运流程：国外器官捐献一般均在48h内完成，而我国一般均在1周左右完成捐献，许多情况下获取的肺源都是长期气管插管、呼吸机应用、合并肺部感染，我们常需要利用这类感染的肺源去拯救濒危的患者，术后围术期管理难度可想而知，这是对开展肺移植手术的巨大挑 || artialpressureofoxygen，ＰaＯ2）＞300mmＨg（1mmＨg＝0．133kＰa）；（5）胸片显示肺野相对清晰；（6）支气管镜检查气管内相对干净。此外，在国家层面，器官转运绿色通道的相关文件早日出台，规范转运流程，让移植手术环环相扣，可进一步扩大供体的利用率。 || 效地利用供体。2．制定供肺标准、维护标准及转运流程：国外器官捐献一般均在48h内完成，而我国一般均在1周左右完成捐献，许多情况下获取的肺源都是长期气管插管、呼吸机应用、合并肺部感染，我们常需要利用这类感染的肺源去拯救濒危的患者，术后围术期管理难度可想而知，这是对开展肺移植手术的巨大 || 才能更有效地利用供体。2．制定供肺标准、维护标准及转运流程：国外器官捐献一般均在48h内完成，而我国一般均在1周左右完成捐献，许多情况下获取的肺源都是长期气管插管、呼吸机应用、合并肺部感染，我们常需要利用这类感染的肺源去拯救濒危的患者，术后围术期管理难度可想而知，这是对开展肺移植手 || 有效地利用供体。2．制定供肺标准、维护标准及转运流程：国外器官捐献一般均在48h内完成，而我国一般均在1周左右完成捐献，许多情况下获取的肺源都是长期气管插管、呼吸机应用、合并肺部感染，我们常需要利用这类感染的肺源去拯救濒危的患者，术后围术期管理难度可想而知，这是对开展肺移植手术的巨,0,1,0,0,10,0,8,10
2569.txt,脑死亡器官捐献心脏移植供体保护性治疗与功能评价,2016,3,0.351818783912331,,供心的切取供体气管插管后 | 供体心肺的切取气管插管 | 供肺切取:供体气管插管,供体管理会议出台的供体管 | 体管理会议出台的供体管 | 供体选择管理及边缘供体,ber2016，Vol.4，No.5的方法之一，但是还会带来其他的问题如抗凝和血栓的风险、感染和肺动脉并发症等风险。2001年全美国器官移植供体管理会议出台的供体管理指南中明确提出，小体重供体会增加术后的风险，但正常体重（＞70kg）成年男性供体对多数病例都适合，考虑匹配时身高或体 || er2016，Vol.4，No.5的方法之一，但是还会带来其他的问题如抗凝和血栓的风险、感染和肺动脉并发症等风险。2001年全美国器官移植供体管理会议出台的供体管理指南中明确提出，小体重供体会增加术后的风险，但正常体重（＞70kg）成年男性供体对多数病例都适合，考虑匹配时身高或体重 || 了的供体心脏选择和管理标准。其中对边缘性供心的使用也进行了一些研究，本中心在2004年开始与陈忠华教授合作尝试进行脑死亡捐献心脏移植，此后在供体选择管理及边缘供体的使用方面陆续积累了一些经验［3］。特别是在年龄偏大、缺血时间偏长等所谓边缘性供体的使用中，结合供体心脏功能的判断和体外,0,1,0,0,3,0,1,3
2847.txt,1例艾森曼格综合征介入封堵同期体外膜肺下双肺移植的护理,2016,4,0.0,,面罩吸氧 | 供体手术气管插管 | 经气管切开气管插管建立人工呼吸 | 供肺切取:供体气管插管,面罩吸氧 | 剪供肺、受体气管 | 气管闭合器切断主支气管，全肺切 | 再次修剪供肺、受体气管,2．2术中配合2．2．1房间隔缺损封堵术的配合巡回护士配合：病人入一站式杂交手术室后卧于造影手术床上，身体两侧加挡板，开放外周静脉。协助麻醉面罩吸氧，监测血压、心电图、血氧饱和度，局部麻醉下行桡动脉穿刺置·5962·全科护理2016年9月第14卷第25期_x000C_管。得到确认供肺质量情况良 || 察血压、心率变化，递血管闭合器切断肺动脉、上下肺静脉，递气管闭合器切断主支气管，全肺切除后，保留标本送检。将修剪好的供肺取至手术台上，再次修剪供肺、受体气管残端，递4－0ＰＤＳ线连续缝合气管。修剪动脉残端，递5－0Ｐro－lene线连续缝合肺动脉。选择合适大小的心耳钳夹住左房袖，观 || 切断下肺韧带，游离上下肺静脉达心包起始部，游离肺动脉总干根部，递肺动脉阻断钳试夹，观察血压、心率变化，递血管闭合器切断肺动脉、上下肺静脉，递气管闭合器切断主支气管，全肺切除后，保留标本送检。将修剪好的供肺取至手术台上，再次修剪供肺、受体气管残端，递4－0ＰＤＳ线连续缝合气管。修剪动 || 夹，观察血压、心率变化，递血管闭合器切断肺动脉、上下肺静脉，递气管闭合器切断主支气管，全肺切除后，保留标本送检。将修剪好的供肺取至手术台上，再次修剪供肺、受体气管残端，递4－0ＰＤＳ线连续缝合气管。修剪动脉残端，递5－0Ｐro－lene线连续缝合肺动脉。选择合适大小的心耳钳夹住左房,0,0,0,0,3,0,0,4
3450.txt,脑死亡患者无偿器官捐献中供体器官维护的护理,2016,1,0.425962152118072,,经气管切开气管插管建立人工呼吸,人工气道管理核查指引单，从气管,有效供氧脑死亡供者随着时间的延续，发生坠积性肺炎、呼吸机相关性肺炎的可能性增加［2］。本科29例供体全部进行机械通气治疗。从患者入院时就建立人工气道管理核查指引单，从气管导管固定是否妥善；床头抬高30°~40°，每4小时检查胃储留量；是否正确评估患者的湿化效果，有创通气患者有湿化设,0,1,0,0,1,0,0,1
3501.txt,肺移植供体肺的维护及获取,2016,3,0.278312163512968,,气管切开气管插管 | 供体平卧位，气管插管 | 供体手术气管插管通气,支气管镜检查气管 | 病史，气管插管时间， | ．6支气管镜检查气管,2没有胸部外伤。2．3持续机械通气＜1周。2．4ＦiＯ2＝1．0，ＰＥＥＰ＝5，ＰaＯ2＞300mmＨg。2．5胸片显示肺野相对清晰。2．6支气管镜检查气管内相对干净。2．7痰培养无特别致病菌。3氧合指数小于300供体处理原则3．1严重肺部感染或者肺实质性病变短时间内不能好转，则放 || 介绍。图1无锡市人民医院肺供体获取流程示意图1肺移植团队抵达供体捐献医院后即再次评估供体1．1血型、年龄、性别、身高、体重、胸围。1．2了解病史，气管插管时间，有无误吸，痰培养结果，血气分析，胸片或胸部ＣＴ有无浸润阴影。1．3行床旁纤支镜检查、吸痰，了解支气管黏膜有无充血水肿，痰液 || 2．2没有胸部外伤。2．3持续机械通气＜1周。2．4ＦiＯ2＝1．0，ＰＥＥＰ＝5，ＰaＯ2＞300mmＨg。2．5胸片显示肺野相对清晰。2．6支气管镜检查气管内相对干净。2．7痰培养无特别致病菌。3氧合指数小于300供体处理原则3．1严重肺部感染或者肺实质性病变短时间内不能好转，,0,0,0,0,3,0,1,3
3541.txt,中国心脏死亡捐献供肾器官的维护,2016,9,0.25,,"供者气管插管 | 气管切开气管插管 | 供者行气管插管 | 供体手术气管插管 | 经气管切开气管插管建立人工呼吸 | 供者平卧位,气管插管 | 脑死亡后,气管插管 | 供体手术气管插管通气 | 供心切取配合,护士协助医生气管插管辅助呼吸",需要气管插管 | 都需要气管插管 | 都需要气管插管 | 都需要气管插管呼吸机辅助呼吸 | 者都需要气管插管 | 都需要气管插管 | 乎所有患者都需要气管插管呼吸机辅助呼吸,题。潜在供者在ＩＣＵ治疗期间，因为病情严重往往需要留置胃管、尿管、伤口引流管、静脉营养管、中心静脉导管等各种管道，几乎所有患者都需要气管插管呼吸机辅助呼吸；有时候长期卧床还可导致压疮、坠积性肺炎等，开放性损伤则造成软组织_x000C_？746？临床外科杂志2016 || 的难题。潜在供者在ＩＣＵ治疗期间，因为病情严重往往需要留置胃管、尿管、伤口引流管、静脉营养管、中心静脉导管等各种管道，几乎所有患者都需要气管插管呼吸机辅助呼吸；有时候长期卧床还可导致压疮、坠积性肺炎等，开放性损伤则造成软组织_x000C_？746？临床外科杂志20 || 难题。潜在供者在ＩＣＵ治疗期间，因为病情严重往往需要留置胃管、尿管、伤口引流管、静脉营养管、中心静脉导管等各种管道，几乎所有患者都需要气管插管呼吸机辅助呼吸；有时候长期卧床还可导致压疮、坠积性肺炎等，开放性损伤则造成软组织_x000C_？746？临床外科杂志201 || 医生的难题。潜在供者在ＩＣＵ治疗期间，因为病情严重往往需要留置胃管、尿管、伤口引流管、静脉营养管、中心静脉导管等各种管道，几乎所有患者都需要气管插管呼吸机辅助呼吸；有时候长期卧床还可导致压疮、坠积性肺炎等，开放性损伤则造成软组织_x000C_？746？临床外科杂志 || 生的难题。潜在供者在ＩＣＵ治疗期间，因为病情严重往往需要留置胃管、尿管、伤口引流管、静脉营养管、中心静脉导管等各种管道，几乎所有患者都需要气管插管呼吸机辅助呼吸；有时候长期卧床还可导致压疮、坠积性肺炎等，开放性损伤则造成软组织_x000C_？746？临床外科杂志2,0,1,0,0,9,0,0,9
3603.txt,心脏死亡器官捐献专科护士岗位的设立及实践,2016,1,0.465477516175151,,供心切取配合..气管插管,.2.4器官切取配合手术,者宣布死亡通知即打开无菌包、准备一次性物品，铺好无菌操作台。接供者入手术间，与人体器官获取组织、器官捐献协调员见证并留存默哀仪式影像资料。2.2.4器官切取配合手术医生进行器官切取，观察术中器官保存液灌注、引流情况，保持灌注、引流通畅。器官获取成功后，备好无菌肝袋、肾袋，留取器官，,0,0,1,0,1,0,1,1
3689.txt,心血管外科ICU 66例心脏移植患者医院感染发病率,2016,5,0.3,,供体手术气管插管 | 供体手术气管插管通气 | 供体心肺的切取气管插管 | 供心切取配合..气管插管 | 供心的切取供体气管插管后,术中使用气管插管 | 移植术中使用气管插管 | 气管插管、中心静脉置管 | 用气管插管、中心静脉置管,的原因有：心脏移植患者常有心肌病、冠脉粥样硬化性心脏病、心脏瓣膜病等基础疾病，心脏移植以急诊手术居多，移植术前供体感染状况未能有效监测，移植术中使用气管插管、中心静脉置管、导尿管等侵入性操作，且留置时间较长，移植术后均使用抗菌药物和免疫抑制剂。心脏移植术后发生ＩＣＵ医院感染的主要部 || 可能的原因有：心脏移植患者常有心肌病、冠脉粥样硬化性心脏病、心脏瓣膜病等基础疾病，心脏移植以急诊手术居多，移植术前供体感染状况未能有效监测，移植术中使用气管插管、中心静脉置管、导尿管等侵入性操作，且留置时间较长，移植术后均使用抗菌药物和免疫抑制剂。心脏移植术后发生ＩＣＵ医院感染的主 || ：心脏移植患者常有心肌病、冠脉粥样硬化性心脏病、心脏瓣膜病等基础疾病，心脏移植以急诊手术居多，移植术前供体感染状况未能有效监测，移植术中使用气管插管、中心静脉置管、导尿管等侵入性操作，且留置时间较长，移植术后均使用抗菌药物和免疫抑制剂。心脏移植术后发生ＩＣＵ医院感染的主要部位为下呼 || 有：心脏移植患者常有心肌病、冠脉粥样硬化性心脏病、心脏瓣膜病等基础疾病，心脏移植以急诊手术居多，移植术前供体感染状况未能有效监测，移植术中使用气管插管、中心静脉置管、导尿管等侵入性操作，且留置时间较长，移植术后均使用抗菌药物和免疫抑制剂。心脏移植术后发生ＩＣＵ医院感染的主要部位为下,0,0,0,0,5,0,0,5
3729.txt,心脏死亡器官捐献供肺获取的手术配合,2016,3,0.25,,快速胸部正中切口进胸 | 脑死亡后，用麻醉机维持呼吸 | 脑死亡后用麻醉机维持呼吸,刀胸部正中切口，递胸 | 脑死亡后，停用维持生命支持 | 判定为脑死亡后，停用维持,逐层套好，在第3个袋中放入敲好的无菌冰屑，从里到外第1个袋中放入Perfadex肺灌注液2000ml。供体消毒后迅速铺盖剖腹单，递22#切皮刀胸部正中切口，递胸骨锯正中切开胸骨，递组织剪纵行切开胸膜，开胸器牵开胸骨；递组织剪垂直向下剪开心包至膈肌，暴露升主动脉和肺动脉干；递3－0薇 || 洪波：男，本科，护师物1例。氧合指数（PaO2/FiO2）192~490mmHg。DCD患者依据“中国心脏死亡器官捐献分类标准”［6］判定为脑死亡后，停用维持生命支持措施，呼吸、心跳停止后发生心脏死亡。5例捐献患者家属同意捐献器官并签署了相关文件。5例供肺获取中，1例因感染、局部浸 || 术部邱洪波：男，本科，护师物1例。氧合指数（PaO2/FiO2）192~490mmHg。DCD患者依据“中国心脏死亡器官捐献分类标准”［6］判定为脑死亡后，停用维持生命支持措施，呼吸、心跳停止后发生心脏死亡。5例捐献患者家属同意捐献器官并签署了相关文件。5例供肺获取中，1例因感染、,0,2,0,2,2,2,2,3
4073.txt,矽肺患者33例肺移植术后护理,2016,1,0.461538461538461,,脑死亡后，用麻醉机维持呼吸,后继续应用呼吸机通气支持，,、受者ABO血型均相符，供、受者胸腔大小匹配。供肺的获取、灌注、保存方法见参考文献［6-7］。1．2治疗方法矽肺患者肺移植术后进入ICU治疗后继续应用呼吸机通气支持，采用压力控制通气限制气道峰压和预防支气管吻合口的气压伤。根据生命体征及血气分析结果调整呼吸机模式及参数。受者术后应用,0,1,0,0,1,0,0,1
0712.txt,中国一类捐献供体应用体外膜肺氧合技术的配合与监护,2017,7,0.25,,"供者气管插管 | 气管切开气管插管 | 供者行气管插管 | 供体手术气管插管 | 供体平卧位，气管插管 | 脑死亡后,气管插管 | 供体手术气管插管通气",拔除气管插管 | 疗，拔除气管插管 | ，拔除气管插管 | 持治疗，拔除气管插管 | 治疗，拔除气管插管,1心率及血压的监测持续严密的进行心电监护，重点监测收缩压、平均动脉压和心率，严格按照规范的器官捐献获取流程完成相关工作，在撤除生命支持治疗，拔除气管插管、停用升压组药物后，严密监测捐献者血流动力学改变，随时反馈给医生血压及心率的变化，为医生及时启动和中止ECMO提供依据。因为过早启 || 2．1心率及血压的监测持续严密的进行心电监护，重点监测收缩压、平均动脉压和心率，严格按照规范的器官捐献获取流程完成相关工作，在撤除生命支持治疗，拔除气管插管、停用升压组药物后，严密监测捐献者血流动力学改变，随时反馈给医生血压及心率的变化，为医生及时启动和中止ECMO提供依据。因为过 || ．1心率及血压的监测持续严密的进行心电监护，重点监测收缩压、平均动脉压和心率，严格按照规范的器官捐献获取流程完成相关工作，在撤除生命支持治疗，拔除气管插管、停用升压组药物后，严密监测捐献者血流动力学改变，随时反馈给医生血压及心率的变化，为医生及时启动和中止ECMO提供依据。因为过早 || 2．2．1心率及血压的监测持续严密的进行心电监护，重点监测收缩压、平均动脉压和心率，严格按照规范的器官捐献获取流程完成相关工作，在撤除生命支持治疗，拔除气管插管、停用升压组药物后，严密监测捐献者血流动力学改变，随时反馈给医生血压及心率的变化，为医生及时启动和中止ECMO提供依据。因 || ．2．1心率及血压的监测持续严密的进行心电监护，重点监测收缩压、平均动脉压和心率，严格按照规范的器官捐献获取流程完成相关工作，在撤除生命支持治疗，拔除气管插管、停用升压组药物后，严密监测捐献者血流动力学改变，随时反馈给医生血压及心率的变化，为医生及时启动和中止ECMO提供依据。因为,0,1,0,0,7,0,7,5
1478.txt,14例重症特发性肺动脉高压患者肺移植术后合并急性左心衰竭的护理,2017,2,0.278312163512968,,气管切开气管插管 | 供体手术气管插管通气,气管镜观察支气管 | 气管镜观察支气管病变,（≤30cmH2O）降低肺损伤程度。本组机械通气时间为（7.1±2.6）d。纤维支气管镜吸痰和活检在肺移植术后具有不可替代的作用。通过纤维支气管镜观察支气管病变，发现气道异常并提供病原学和病理学依据且对气道并发症进行治疗。1例术后第2天，责任护士发现2h内该患者SpO2由99%降低,0,0,0,0,2,0,0,1
1553.txt,心肺联合移植患者术后并发症的预防护理,2017,1,0.494818514459077,,供心的切取供体气管插管后,，依次吻合供心和受体气管,压91mmＨg，肺毛细血管楔压13mmＨg，提示阻力型肺动脉高压。在全麻低温体外循环下行同种异体原位心肺联合移植术，术中剪除受体的心脏、肺脏，依次吻合供心和受体气管、主动脉，排气后心脏自动复跳，再行供心和受体腔静脉和肺动脉吻合，彻底止血，逐层关胸。术后对患者进行密切监护，积极防治排,0,0,0,0,1,0,0,1
1632.txt,1例肺动脉高压患者心肺联合移植的护理,2017,3,0.222222222222222,,供者行气管插管 | 经气管切开气管插管建立人工呼吸 | 脑死亡后迅速气管插管进行机械通气,再次行气管插管 | 气管插管。术后第11天拔除气管 | 行气管插管。术后第11天拔除气管,3天患者出现谵妄，实施早期活动。术后第4天拔除气管插管，鼻导管给氧。术后第6天心率184次/min，血压74/48mmHg，SpO265%，再次行气管插管。术后第11天拔除气管插管，给予高流量氧疗。术后第34天转入移植病房继续治疗。2护理供心为去神经心脏，CHLT术后4.5h患者出 || 者出现谵妄，实施早期活动。术后第4天拔除气管插管，鼻导管给氧。术后第6天心率184次/min，血压74/48mmHg，SpO265%，再次行气管插管。术后第11天拔除气管插管，给予高流量氧疗。术后第34天转入移植病房继续治疗。2护理供心为去神经心脏，CHLT术后4.5h患者出现重度 || 患者出现谵妄，实施早期活动。术后第4天拔除气管插管，鼻导管给氧。术后第6天心率184次/min，血压74/48mmHg，SpO265%，再次行气管插管。术后第11天拔除气管插管，给予高流量氧疗。术后第34天转入移植病房继续治疗。2护理供心为去神经心脏，CHLT术后4.5h患者出现重,0,1,0,0,3,0,0,3
1843.txt,心脏移植后他克莫司预防急性排斥效果的研究,2017,1,0.465477516175151,,供心切取配合..气管插管,.2.1供心切取：所有捐,型符合输血原则，供受体体重相差低于20%。术前均须超声心动评估供心功能情况，多巴胺、多巴酚用量＜10μg/（kg·min）。1.2手术方法1.2.1供心切取：所有捐献者家属均在术前器官获取组织（organprocurementorganazation，OPO）与红十字会签署自愿捐献,0,0,0,0,1,1,1,1
1928.txt,肺移植围术期病人多重耐药菌感染的护理,2017,11,0.222222222222222,,"供者行气管插管 | 供者气管插管 | 气管切开气管插管 | 供体手术气管插管 | 经气管切开气管插管建立人工呼吸 | 供体平卧位，气管插管 | 脑死亡后,气管插管 | 供体手术气管插管通气 | 进行供心、肺切取,吸净气管分泌物,气管插管给氧 | 脑死亡后迅速气管插管进行机械通气 | 脑死亡后气管紧急插管,纯氧通气",能与行气管插管 | 与行气管插管 | 可能与行气管插管 | 可能与行气管插管、呼吸机、氧气 | ，可能与行气管插管、 | ，可能与行气管插管 | 同病人身上流行，可能与行气管插管、呼吸机、氧气 | ，可能与行气管插管、呼吸机、氧气,菌用套式ＰＣＲ法进行了耐药菌株基因检测，结果表明存在多重耐药情况和克隆传播医院感染。［结论］相同耐药克隆株在肺移植围术期不同病人身上流行，可能与行气管插管、呼吸机、氧气湿化瓶、病人用具、医务人员手工操作以及无心跳供体（ＤＣＤ）模式部分供体携带有关。积极的护理干预能有效控制多重耐药菌 || 用套式ＰＣＲ法进行了耐药菌株基因检测，结果表明存在多重耐药情况和克隆传播医院感染。［结论］相同耐药克隆株在肺移植围术期不同病人身上流行，可能与行气管插管、呼吸机、氧气湿化瓶、病人用具、医务人员手工操作以及无心跳供体（ＤＣＤ）模式部分供体携带有关。积极的护理干预能有效控制多重耐药菌在 || 胞菌用套式ＰＣＲ法进行了耐药菌株基因检测，结果表明存在多重耐药情况和克隆传播医院感染。［结论］相同耐药克隆株在肺移植围术期不同病人身上流行，可能与行气管插管、呼吸机、氧气湿化瓶、病人用具、医务人员手工操作以及无心跳供体（ＤＣＤ）模式部分供体携带有关。积极的护理干预能有效控制多重耐药 || 单胞菌用套式ＰＣＲ法进行了耐药菌株基因检测，结果表明存在多重耐药情况和克隆传播医院感染。［结论］相同耐药克隆株在肺移植围术期不同病人身上流行，可能与行气管插管、呼吸机、氧气湿化瓶、病人用具、医务人员手工操作以及无心跳供体（ＤＣＤ）模式部分供体携带有关。积极的护理干预能有效控制多重耐 || 、37例铜绿假单胞菌用套式ＰＣＲ法进行了耐药菌株基因检测，结果表明存在多重耐药情况和克隆传播医院感染。［结论］相同耐药克隆株在肺移植围术期不同病人身上流行，可能与行气管插管、呼吸机、氧气湿化瓶、病人用具、医务人员手工操作以及无心跳供体（ＤＣＤ）模式部分供体携带有关。积极的护理干预能,0,3,0,0,11,0,0,11
2312.txt,心脑死亡供肺的选择策略,2017,19,0.25,,"供者气管插管 | 气管切开气管插管 | 供体手术气管插管 | 脑死亡后迅速气管插管进行机械通气 | 供者行气管插管 | 供体手术气管插管通气 | 协助麻醉医生进行支纤镜检查后进行气管插管 | 协助麻醉医生进行支纤镜检查后进行供体气管插管 | 供体平卧位，气管插管 | 脑死亡后气管紧急插管,纯氧通气 | 供肺切取:供体气管插管 | 经气管切开气管插管建立人工呼吸 | 进行供心、肺切取,吸净气管分泌物,气管插管给氧 | 脑死亡后迅速气管插管 | 脑死亡后插入气管导管 | 供体心肺的切取气管插管 | 供心的切取供体气管插管后 | 脑死亡后,气管插管 | 脑死亡后,紧急气管插管",气管导管、供 | 支气管镜检查气管 | 换气管导管、供体 | 机械通气的管理：机械通气在脑死亡 | 换气管导管、供 | 更换气管导管、供体转 | 进行肺复张，如施行支气管镜检查、更换气管 | 进行肺复张，如施行支气管镜检查、更换气管导管 | 通气的管理：机械通气在脑死亡患 | 更换气管导管、供体转运 | 施行支气管镜检查、更换气管导管 | 进行肺复张，如施行支气管镜检查、更换气管导管、 | 脑死亡供体进行支气管 | 供选择的供肺，需细心管 | 可供选择的供肺，需细心管 | 死亡供体进行支气管 | 管理：多数患者脑死亡后,ux等［30］均指出进行肺复张试验的时机包括：①短时脱机，由于缺乏PEEP支持，导致肺泡再次塌陷，需及时进行肺复张，如施行支气管镜检查、更换气管导管、供体转运、行窒息试验后；②PaO2/FiO2下降至300mmHg以下时；③存在肺部感染、肺水肿、肺不张时。肺复张试验的方法包括：①叹 || 20包/年；②没有胸部外伤；③持续机械通气时间＜1周；④FiO2＝1.0，PEEP＝5，PaO2＞300mmHg；⑤胸片显示肺野相对清晰；⑥支气管镜检查气管内相对干净；⑦痰培养无特别致病菌。2供肺的评估供肺的评估采取动态评估的方式进行，由初步评估及最终评估组成。初步评估由ICU医生 || eux等［30］均指出进行肺复张试验的时机包括：①短时脱机，由于缺乏PEEP支持，导致肺泡再次塌陷，需及时进行肺复张，如施行支气管镜检查、更换气管导管、供体转运、行窒息试验后；②PaO2/FiO2下降至300mmHg以下时；③存在肺部感染、肺水肿、肺不张时。肺复张试验的方法包括：① || 等［27］对72例脑死亡供体进行支气管镜检查时发现，胸片正常且PaO2＞400mmHg的26例供体，纤支镜异常者有10例（占38%）。3.3机械通气的管理：机械通气在脑死亡患者中往往伴随着较高的通气量，而通气量与急化肺损伤的发生发展有关［28］。传统通气模式为潮气量（tidalvo || seux等［30］均指出进行肺复张试验的时机包括：①短时脱机，由于缺乏PEEP支持，导致肺泡再次塌陷，需及时进行肺复张，如施行支气管镜检查、更换气管导管、供体转运、行窒息试验后；②PaO2/FiO2下降至300mmHg以下时；③存在肺部感染、肺水肿、肺不张时。肺复张试验的方法包括：,0,6,0,0,19,0,0,19
2379.txt,心脏死亡器官捐献供肝肝移植182例单中心经验总结,2017,13,0.25,,"供者气管插管 | 气管切开气管插管 | 供者行气管插管 | 脑死亡后立即气管内插管给氧 | 脑死亡后,气管插管 | 供体手术气管插管 | 脑死亡后迅速气管插管 | 脑死亡后插入气管导管 | 供体平卧位，气管插管 | 脑死亡后气管紧急插管,纯氧通气 | 供体手术气管插管通气 | 脑死亡后,紧急气管插管 | 脑死亡后迅速气管插管进行机械通气",拔除气管插管 | 属于拔除气管插管 | 于拔除气管插管 | 气管插管后60min内死亡 | 属于拔除气管插管后 | 均属于拔除气管插管后 | ，均属于拔除气管插管 | 拔除气管插管后60min内死亡 | ，均属于拔除气管插管后 | ·进行评分，均属于拔除气管插管后,间（，h）5.0±1.65.4±1.8>0.05_x000C_第5期胡良硕等．心脏死亡器官捐献供肝肝移植182例单中心经验总结·383·进行评分，均属于拔除气管插管后60min内死亡风险高危组[5]。在手术室内撤除生命支持，心脏停搏后5min，根据心脏死亡判定标准宣布心脏死亡。采用经腹主动脉、 || 血时间（，h）5.0±1.65.4±1.8>0.05_x000C_第5期胡良硕等．心脏死亡器官捐献供肝肝移植182例单中心经验总结·383·进行评分，均属于拔除气管插管后60min内死亡风险高危组[5]。在手术室内撤除生命支持，心脏停搏后5min，根据心脏死亡判定标准宣布心脏死亡。采用经腹主动 || 时间（，h）5.0±1.65.4±1.8>0.05_x000C_第5期胡良硕等．心脏死亡器官捐献供肝肝移植182例单中心经验总结·383·进行评分，均属于拔除气管插管后60min内死亡风险高危组[5]。在手术室内撤除生命支持，心脏停搏后5min，根据心脏死亡判定标准宣布心脏死亡。采用经腹主动脉 || ，h）5.0±1.65.4±1.8>0.05_x000C_第5期胡良硕等．心脏死亡器官捐献供肝肝移植182例单中心经验总结·383·进行评分，均属于拔除气管插管后60min内死亡风险高危组[5]。在手术室内撤除生命支持，心脏停搏后5min，根据心脏死亡判定标准宣布心脏死亡。采用经腹主动脉、门静 || 缺血时间（，h）5.0±1.65.4±1.8>0.05_x000C_第5期胡良硕等．心脏死亡器官捐献供肝肝移植182例单中心经验总结·383·进行评分，均属于拔除气管插管后60min内死亡风险高危组[5]。在手术室内撤除生命支持，心脏停搏后5min，根据心脏死亡判定标准宣布心脏死亡。采用经腹主,0,7,13,13,13,0,13,13
2405.txt,心脏死亡供肺肺移植临床分析,2017,18,0.125,,"供者气管插管 | 供者行气管插管 | 气管切开气管插管 | 脑死亡后,气管插管 | 供体手术气管插管通气 | 脑死亡后,紧急气管插管 | 供体手术气管插管 | 脑死亡后迅速气管插管 | 脑死亡后插入气管导管 | 供者平卧位,气管插管 | 脑死亡后立即气管内插管给氧 | 供心的切取供体气管插管后 | 供体平卧位，气管插管 | 经气管切开气管插管建立人工呼吸 | 供体心肺的切取气管插管 | 脑死亡后气管紧急插管,纯氧通气 | 脑死亡后迅速气管插管进行机械通气 | 供肺切取:供体气管插管",受者气管插管 | 对受者气管插管 | 后对受者气管插管 | 术后对受者气管插管 | 管理术后对受者气管插 | 管理术后对受者气管插管 | 后管理术后对受者气管插管转 | 后管理术后对受者气管插管 | 手术方式供体平卧位， | 管理术后对受者气管插管转运至I | 后管理术后对受者气管插管转运至 | 后管理术后对受者气管插管转运至I,液清澈为止，手部触摸检查有无明显肿块．完毕后将供肺保存于低温ＲLPD液中，送至手术室待移植．移植手术方式详见文献［2］．1．4术后管理术后对受者气管插管转运至ICU，持续吸氧，监测动脉血气防止氧中毒．控制体液平衡，术后早期维持负平衡防止肺水肿，应用他克莫司+吗替麦考酚酯+皮质激素预 || 出液清澈为止，手部触摸检查有无明显肿块．完毕后将供肺保存于低温ＲLPD液中，送至手术室待移植．移植手术方式详见文献［2］．1．4术后管理术后对受者气管插管转运至ICU，持续吸氧，监测动脉血气防止氧中毒．控制体液平衡，术后早期维持负平衡防止肺水肿，应用他克莫司+吗替麦考酚酯+皮质激素 || 流出液清澈为止，手部触摸检查有无明显肿块．完毕后将供肺保存于低温ＲLPD液中，送至手术室待移植．移植手术方式详见文献［2］．1．4术后管理术后对受者气管插管转运至ICU，持续吸氧，监测动脉血气防止氧中毒．控制体液平衡，术后早期维持负平衡防止肺水肿，应用他克莫司+吗替麦考酚酯+皮质激 || 脉流出液清澈为止，手部触摸检查有无明显肿块．完毕后将供肺保存于低温ＲLPD液中，送至手术室待移植．移植手术方式详见文献［2］．1．4术后管理术后对受者气管插管转运至ICU，持续吸氧，监测动脉血气防止氧中毒．控制体液平衡，术后早期维持负平衡防止肺水肿，应用他克莫司+吗替麦考酚酯+皮质 || 肺动脉流出液清澈为止，手部触摸检查有无明显肿块．完毕后将供肺保存于低温ＲLPD液中，送至手术室待移植．移植手术方式详见文献［2］．1．4术后管理术后对受者气管插管转运至ICU，持续吸氧，监测动脉血气防止氧中毒．控制体液平衡，术后早期维持负平衡防止肺水肿，应用他克莫司+吗替麦考酚酯+,0,7,0,0,18,0,0,18
2500.txt,心脏移植的手术配合,2017,12,0.222222222222222,"also a bit suspicious, but nothing on intubation of donor -- 供心摘取手术配合 供者取仰卧位，常规消 毒铺单，胸骨锯正中开胸，打开心包。肝素化后，递 4 - 0 血管缝线于升主动脉缝荷包并插灌注管","供者行气管插管 | 供者气管插管 | 快速胸部正中切口进胸 | 气管切开气管插管 | 供心切取配合..气管插管 | 供心的切取供体气管插管后 | 供体手术气管插管 | 脑死亡后,气管插管 | 协助麻醉医生进行支纤镜检查后进行气管插管 | 供体手术气管插管通气 | 供体心肺的切取气管插管 | 协助麻醉医生进行支纤镜检查后进行供体气管插管",医师行气管插管 | 师行气管插管 | 胸部正中切口，进行主 | 醉医师行气管插管 | .1.3供心摘取手术配合 | 供心切取的进度，确定供体 | 麻醉医师行气管插管 | 并做好防压疮护理。协助麻醉医师行气管插管 | 助麻醉医师行气管插管 | 心切取的进度，确定供体 | 道，并做好防压疮护理。协助麻醉医师行气管插管,心置于4℃HTK液中保存。2.2术中配合及护理2.2.1巡回护士配合核查患者，取平卧位，在右前臂建立外周静脉通道，并做好防压疮护理。协助麻醉医师行气管插管、有创动脉监测、中心静脉穿刺置入肺动脉漂浮导管。留置测温尿管，连接电刀及负极板，调试功率，打开控温毯，清点手术用物，及时提供术中 || 置于4℃HTK液中保存。2.2术中配合及护理2.2.1巡回护士配合核查患者，取平卧位，在右前臂建立外周静脉通道，并做好防压疮护理。协助麻醉医师行气管插管、有创动脉监测、中心静脉穿刺置入肺动脉漂浮导管。留置测温尿管，连接电刀及负极板，调试功率，打开控温毯，清点手术用物，及时提供术中所 || 心肌病、心功能不全、肺动脉高压等，心功能分别为Ⅳ级、Ⅲ级、Ⅳ级、Ⅳ级、Ⅲ级。5例患者均在体外循环下行双腔法同种异体心脏移植术，患者取平卧位，胸部正中切口，进行主动脉，上、下腔静脉插管，确认供心可用，切除受体心脏，将修整好供心置入心包腔，依次吻合左心房、升主动脉，吻合肺动脉后心脏复跳 || 供心置于4℃HTK液中保存。2.2术中配合及护理2.2.1巡回护士配合核查患者，取平卧位，在右前臂建立外周静脉通道，并做好防压疮护理。协助麻醉医师行气管插管、有创动脉监测、中心静脉穿刺置入肺动脉漂浮导管。留置测温尿管，连接电刀及负极板，调试功率，打开控温毯，清点手术用物，及时提供术 || 中所需设备是否正常运转，胸骨锯准备两套确保万无一失，器械护士准备术中所需所有器械和医疗耗材，体外循环医师保证人工心肺机的功能状态运行良好。2.1.3供心摘取手术配合供者取仰卧位，常规消毒铺单，胸骨锯正中开胸，打开心包。肝素化后，递4-0血管缝线于升主动脉缝荷包并插灌注管，递血管阻断,0,1,0,0,12,0,0,12
2635.txt,原位心脏移植14例,2017,4,0.465477516175151,has all the hallmarks except no reference to intubation,"供心切取配合..气管插管 | 供心的切取供体气管插管后 | 供体心脏的提取供心者取仰卧位,垫高胸腔,气管插管 | 供体全身肝素化后，仰卧位，经口气管内插管","的供心获取.中国胸心血管 | 1供心的摘取正中开胸供体 | 心脏移植术的供心获取.中国胸心血管外科临床杂志, | 中开胸供体全身肝素化后，阻断上下腔静脉，","分析—2013年中国心脏移植年度报告.中华器官移植杂志,2014,35(6):324-328.2陈良万,陈道中,杨国锋,等.61例心脏移植术的供心获取.中国胸心血管外科临床杂志,2009,16(4):296-299.3StehlikJ,EdwardsLB,KucheryavayaA || （panelreactiveantibodies，PRA）检测均阴性，13例体质量差<20%，1例体质量差约为25%。1.2手术方法1.2.1供心的摘取正中开胸供体全身肝素化后，阻断上下腔静脉，阻断升主动脉远端，心肌灌注液为30~50ml/kg组氨酸-色氨酸-酮戊二酸（HTK）液。 || 脏移植现状分析—2013年中国心脏移植年度报告.中华器官移植杂志,2014,35(6):324-328.2陈良万,陈道中,杨国锋,等.61例心脏移植术的供心获取.中国胸心血管外科临床杂志,2009,16(4):296-299.3StehlikJ,EdwardsLB,Kucherya || eactiveantibodies，PRA）检测均阴性，13例体质量差<20%，1例体质量差约为25%。1.2手术方法1.2.1供心的摘取正中开胸供体全身肝素化后，阻断上下腔静脉，阻断升主动脉远端，心肌灌注液为30~50ml/kg组氨酸-色氨酸-酮戊二酸（HTK）液。先用4℃100",0,0,0,0,4,0,0,4
2675.txt,原位心脏移植手术的围手术期护理配合方案研究,2017,2,0.452277442494834,,快速胸部正中切口进胸 | 供心的切取供体气管插管后,以内。于胸骨正中切口 | 定供体心脏无心血管疾病后,Hg=0.133kPa），平均（38.5±11.1）mmHg。1.2方法1.2.1手术方法供体与受体的血型一致，供体与受体体质量相差在20%以内。于胸骨正中切口，将心脏取出后，放入冰水中并重新检查，确定供体心脏无心血管疾病后，在全麻低温体外循环下进行心脏移植手术，所有患者均采用双腔 || 。1.2方法1.2.1手术方法供体与受体的血型一致，供体与受体体质量相差在20%以内。于胸骨正中切口，将心脏取出后，放入冰水中并重新检查，确定供体心脏无心血管疾病后，在全麻低温体外循环下进行心脏移植手术，所有患者均采用双腔静脉原位心脏移植方法。将病心原位心脏移植手术的围手术期护理配,0,0,0,0,1,0,0,2
3097.txt,努力打造与国际接轨的肺移植团队,2017,10,0.25,,"供者气管插管 | 气管切开气管插管 | 供者行气管插管 | 供体心肺的切取气管插管 | 供体手术气管插管 | 经气管切开气管插管建立人工呼吸 | 脑死亡后,气管插管 | 供体手术气管插管通气 | 供心的切取供体气管插管后 | 供肺切取:供体气管插管",长期气管插管 | 都是长期气管插管 | 是长期气管插管 | 的肺源都是长期气管插管 | 取的肺源都是长期气管插管、呼吸 | 源都是长期气管插管 | 肺源都是长期气管插管 | 取的肺源都是长期气管插管,地利用供体。2.2制定供肺标准、维护标准及流程：国外器官捐献一般均在48小时内完成，而我国一般均在1周左右完成捐献，许多情况下获取的肺源都是长期气管插管、呼吸机应用、合并肺部感染，我们常需要利用这类感染的肺源去拯救濒危的患者，术后围术期管理难度可想而知，这是对我们开展肺移植手术的巨 || 有效地利用供体。2.2制定供肺标准、维护标准及流程：国外器官捐献一般均在48小时内完成，而我国一般均在1周左右完成捐献，许多情况下获取的肺源都是长期气管插管、呼吸机应用、合并肺部感染，我们常需要利用这类感染的肺源去拯救濒危的患者，术后围术期管理难度可想而知，这是对我们开展肺移植手术 || 效地利用供体。2.2制定供肺标准、维护标准及流程：国外器官捐献一般均在48小时内完成，而我国一般均在1周左右完成捐献，许多情况下获取的肺源都是长期气管插管、呼吸机应用、合并肺部感染，我们常需要利用这类感染的肺源去拯救濒危的患者，术后围术期管理难度可想而知，这是对我们开展肺移植手术的 || 才能更有效地利用供体。2.2制定供肺标准、维护标准及流程：国外器官捐献一般均在48小时内完成，而我国一般均在1周左右完成捐献，许多情况下获取的肺源都是长期气管插管、呼吸机应用、合并肺部感染，我们常需要利用这类感染的肺源去拯救濒危的患者，术后围术期管理难度可想而知，这是对我们开展肺移 || ，才能更有效地利用供体。2.2制定供肺标准、维护标准及流程：国外器官捐献一般均在48小时内完成，而我国一般均在1周左右完成捐献，许多情况下获取的肺源都是长期气管插管、呼吸机应用、合并肺部感染，我们常需要利用这类感染的肺源去拯救濒危的患者，术后围术期管理难度可想而知，这是对我们开展肺,0,1,0,0,10,0,10,10
3125.txt,供心机械灌注与保存研究进展,2017,3,0.375,,供者气管插管 | 供者行气管插管 | 气管切开气管插管,插管安放导管 | 脉插管安放导管 | 动脉插管安放导管,证据（动静脉血乳酸差值）提示心脏保存良好［39，43］。该系统还可以监测主动脉压力及冠脉血流。TransmedicsOCS系统还允许从主动脉插管安放导管，进行冠脉造影［44］。4.2NMP在标准DBD供体中的应用：ProceedⅡ研究是目前关于NMP的最大规模的临床试验（NCT00 || 的证据（动静脉血乳酸差值）提示心脏保存良好［39，43］。该系统还可以监测主动脉压力及冠脉血流。TransmedicsOCS系统还允许从主动脉插管安放导管，进行冠脉造影［44］。4.2NMP在标准DBD供体中的应用：ProceedⅡ研究是目前关于NMP的最大规模的临床试验（NCT0 || 取的证据（动静脉血乳酸差值）提示心脏保存良好［39，43］。该系统还可以监测主动脉压力及冠脉血流。TransmedicsOCS系统还允许从主动脉插管安放导管，进行冠脉造影［44］。4.2NMP在标准DBD供体中的应用：ProceedⅡ研究是目前关于NMP的最大规模的临床试验（NCT,0,0,0,0,3,0,0,3
3654.txt,复杂先天性心脏病心脏移植杂交手术1例,2017,1,0.459938275132678,,脑死亡后插入气管导管,引导导管进入侧支血管,心脏移植时供体心脏的时间窗很短，大约为4h，因此，需要快速完成介入封堵，这就需要准确的判断和丰富的经验。本例患者在介入封堵侧支血管时导丝很难引导导管进入侧支血管，甚至导丝亦难以进入，与侧支血管开口的角度及扭曲有关，尝试多种导管均失败，最后更换YASHIＲOTYPE导管在无导丝指引时,0,1,0,0,0,0,0,1
4052.txt,上海市胸科医院肺移植10年经验总结,2017,13,0.183503419072274,,"供者气管插管 | 气管切开气管插管 | 供者行气管插管 | 供体手术气管插管通气 | 供体手术气管插管 | 脑死亡后,气管插管 | 脑死亡后迅速气管插管 | 脑死亡后插入气管导管 | 供者平卧位,气管插管 | 供体平卧位，气管插管 | 脑死亡后,紧急气管插管 | 供体心肺的切取气管插管 | 供肺切取:供体气管插管",腔管气管插管 | 侧双腔管气管插管 | 双腔管气管插管 | 腔管气管插管。对于气 | 管气管插管。对于气 | 双腔管气管插管。对于气,物和病理检查。第一侧供肺（或单肺）的冷缺血时间为3．5~6h，平均4．5h；第二侧为5~8h，平均5．5h。2．受体手术：所有患者采用左侧双腔管气管插管。对于气道分泌物多或者感染性肺部疾病的患者先进行单腔管插管，吸净气道分泌物后，再进行双腔管插管。插管完成后用纤支镜确认气管插管位置 || 微生物和病理检查。第一侧供肺（或单肺）的冷缺血时间为3．5~6h，平均4．5h；第二侧为5~8h，平均5．5h。2．受体手术：所有患者采用左侧双腔管气管插管。对于气道分泌物多或者感染性肺部疾病的患者先进行单腔管插管，吸净气道分泌物后，再进行双腔管插管。插管完成后用纤支镜确认气管插管 || 生物和病理检查。第一侧供肺（或单肺）的冷缺血时间为3．5~6h，平均4．5h；第二侧为5~8h，平均5．5h。2．受体手术：所有患者采用左侧双腔管气管插管。对于气道分泌物多或者感染性肺部疾病的患者先进行单腔管插管，吸净气道分泌物后，再进行双腔管插管。插管完成后用纤支镜确认气管插管位 || 和病理检查。第一侧供肺（或单肺）的冷缺血时间为3．5~6h，平均4．5h；第二侧为5~8h，平均5．5h。2．受体手术：所有患者采用左侧双腔管气管插管。对于气道分泌物多或者感染性肺部疾病的患者先进行单腔管插管，吸净气道分泌物后，再进行双腔管插管。插管完成后用纤支镜确认气管插管位置。,0,4,0,0,13,0,0,13
0230.txt,中国肺移植供体标准及获取转运指南,2018,32,0.25,,"供者气管插管 | 气管切开气管插管 | 供体手术气管插管通气 | 供者行气管插管 | 供者平卧位,气管插管 | 脑死亡后,气管插管 | 脑死亡后气管紧急插管,纯氧通气 | 脑死亡后迅速气管插管进行机械通气 | 供体手术气管插管 | 供体平卧位，气管插管 | 脑死亡后用麻醉机维持呼吸 | 脑死亡后,紧急气管插管 | 协助麻醉医生进行支纤镜检查后进行供体气管插管 | 供心的切取供体气管插管后 | 快速胸部正中切口进胸 | 供体确定脑死亡后,气管插管,彻底吸除气道分泌物,用简易呼吸器人工控制呼吸 | 进行供心、肺切取,吸净气管分泌物,气管插管给氧 | 脑死亡后迅速气管插管 | 脑死亡后插入气管导管 | 脑死亡后，用麻醉机维持呼吸 | 协助麻醉医生进行支纤镜检查后进行气管插管 | 供肺切取:供体气管插管 | 经气管切开气管插管建立人工呼吸 | 供体脑死亡后快速正中开胸,同时插入气管导管人工通气 | 供体在确认脑死亡后,气管插管,建立人工呼吸 | 脑死亡后,将供体取仰卧位,争取做气管插管 | 供者脑死亡后迅速建立人工呼吸 | 供心保护脑死亡后用麻醉机维持呼吸 | 死亡后迅速建立人工呼吸 | 脑死亡后,4例气管插管,3例面罩吸氧 | 脑死亡后立即气管内插管给氧 | 供体心肺的获取和保护..行气管插管通气","气 管内插管 | 气管炎或支 气管 | 受气 管插管机械通气 | ,气 管内插管 | 充足,气 管内插管位 | 充足,气 管内插管 | 之前,应通气充足,气 管内插管 | 流程时，均接受气 管插管机械通气 | 足,气 管内插管 | 死亡；叶类为脑死亡后呼吸 | 通气充足,气 管内插管 | 在供体后，常规行纤维支气管镜（纤 支镜）检查 | 气管的血供。修剪支气管周 | 毒铺巾，胸骨正中切口 | ,气 管内插管位置正确,潮气量足够,同时经纤支镜吸净 气道分泌物以排除大 | 格之前,应通气充足,气 管内插管位置正确,潮气 | 气充足,气 管内插管 | ，即脑死亡后停用生 命支持 | 体后，常规行纤维支气管镜（纤 支镜）检查 | 气管的血供。修剪支气管 | 应通气充足,气 管内插管位置正 | 应通气充足,气 管内插管位置正确,潮气量足够,同时 | 前,应通气充足,气 管内插管位置正确,潮气 | ,应通气充足,气 管内插管位置正确,潮气 | 心脏死亡；叶类为脑死亡后呼吸 | 等待心脏死亡；叶类为脑死亡后呼吸 | 亡；叶类为脑死亡后呼吸 | ,应通气充足,气 管内插管位置正确, | 应通气充足,气 管内插管位 | 陈静瑜.肺移植供体肺的维护及获取J].",">300 mmHg是基本要求。尤其注意，在获 取供肺前每2 h进行1次动脉血气分析，如果动脉血 气不达标,在宣布此肺不合格之前,应通气充足,气 管内插管位置正确,潮气量足够,同时经纤支镜吸净 气道分泌物以排除大气道内分泌物阻塞,只有在排除 上述影响因素、充分通气和维持最佳体液平衡等 || 供体传播感染的风险可忽略不计［12］。因此纤支镜下"", ""可吸净的适量痰液和微生物培养阳性，不是拒绝供 肺的标准。若纤支镜检查发现有严重的气管炎或支 气管炎，特别是脓液被吸出后仍从段支气管的开口 涌出，提示供肺有严重肺炎，无法使用。"", ""推荐7：纤支镜检查还需特别注意供肺的解剖 || 官的使用率；同时发现不适合作为潜在供肺的证据， 避免盲目扩大边缘性供肺影响移植的近期及远期效果， 减少医疗资源浪费。供肺进入评估流程时，均接受气 管插管机械通气。因此，ICU医护人员和供肺获取专 家，应尽可能提前供肺维护，使更多供肺最终进入可 用之列。"", ""3.1\t积极抗感染 || 2>300 mmHg是基本要求。尤其注意，在获 取供肺前每2 h进行1次动脉血气分析，如果动脉血 气不达标,在宣布此肺不合格之前,应通气充足,气 管内插管位置正确,潮气量足够,同时经纤支镜吸净 气道分泌物以排除大气道内分泌物阻塞,只有在排除 上述影响因素、充分通气和维持最佳体液平衡 || iO2>300 mmHg是基本要求。尤其注意，在获 取供肺前每2 h进行1次动脉血气分析，如果动脉血 气不达标,在宣布此肺不合格之前,应通气充足,气 管内插管位置正确,潮气量足够,同时经纤支镜吸净 气道分泌物以排除大气道内分泌物阻塞,只有在排除 上述影响因素、充分通气和维持最佳体液",0,17,4,5,29,0,5,32
0395.txt,合并肺动脉高压的心脏移植,2018,5,0.130373643453696,,"气管切开气管插管 | 供体心肺的切取气管插管 | 供体平卧位，气管插管 | 经气管切开气管插管建立人工呼吸 | 供心切取配合,护士协助医生气管插管辅助呼吸",次插管、气管切开 | ，二次插管、气管切开的 | 时间，二次插管、气管 | 助治疗时间，二次插管、气管切开 | 要延长呼吸机辅助治疗时间，二次插管、气管切,"肺部并发症增 多&术后低氧、肺不张和感染等可导致FVR增加，加 剧或诱发供心急性右心衰竭的发生&因此，术后常需 要延长呼吸机辅助治疗时间，二次插管、气管切开的比 率较高［1］&"", ""心脏移植术后出现急性肾功能损伤较为常见［10］， 有移植术前心肾功能不佳的原因，也有体外循环的损 || 早期肺部并发症增 多&术后低氧、肺不张和感染等可导致FVR增加，加 剧或诱发供心急性右心衰竭的发生&因此，术后常需 要延长呼吸机辅助治疗时间，二次插管、气管切开的比 率较高［1］&"", ""心脏移植术后出现急性肾功能损伤较为常见［10］， 有移植术前心肾功能不佳的原因，也有体外循环的 || 术后早期肺部并发症增 多&术后低氧、肺不张和感染等可导致FVR增加，加 剧或诱发供心急性右心衰竭的发生&因此，术后常需 要延长呼吸机辅助治疗时间，二次插管、气管切开的比 率较高［1］&"", ""心脏移植术后出现急性肾功能损伤较为常见［10］， 有移植术前心肾功能不佳的原因，也有体外循 || 压病人术后早期肺部并发症增 多&术后低氧、肺不张和感染等可导致FVR增加，加 剧或诱发供心急性右心衰竭的发生&因此，术后常需 要延长呼吸机辅助治疗时间，二次插管、气管切开的比 率较高［1］&"", ""心脏移植术后出现急性肾功能损伤较为常见［10］， 有移植术前心肾功能不佳的原因，也有 || 术前有肺动脉高压病人术后早期肺部并发症增 多&术后低氧、肺不张和感染等可导致FVR增加，加 剧或诱发供心急性右心衰竭的发生&因此，术后常需 要延长呼吸机辅助治疗时间，二次插管、气管切开的比 率较高［1］&"", ""心脏移植术后出现急性肾功能损伤较为常见［10］， 有移植术前心肾功能不",0,0,0,0,5,0,0,5
0443.txt,同种异体肺移植术治疗终末期良性肺病2例体会,2018,9,0.25,,供者气管插管 | 供者行气管插管 | 供体手术气管插管通气 | 供体平卧位，气管插管 | 供体手术气管插管 | 快速胸部正中切口进胸 | 供肺切取:供体气管插管 | 供体心肺的切取气管插管 | 脑死亡后，用麻醉机维持呼吸,双腔气管插管 | 用双腔气管插管 | 术，采用双腔气管插管 | ，采用双腔气管插管， | 采用双腔气管插管 | 术方式：胸骨正中切口 | 取供肺前再次纤维支气管 | ，经供体肺维护后，在呼吸机,道转运至我院，供体肺冷缺血时间约7h。病例2的供体来源于本院脑死亡捐献者，冷缺血时间低于1h。受体手术方式：病例1采取序贯式双肺移植术，采用双腔气管插管，留置Ｓwan－Ｇanz气囊漂浮导管术中监测肺动脉压，先分别行左右侧单肺通气后评估肺动脉压增高情况、氧饱和度能否维持、有无二氧化碳 || 通道转运至我院，供体肺冷缺血时间约7h。病例2的供体来源于本院脑死亡捐献者，冷缺血时间低于1h。受体手术方式：病例1采取序贯式双肺移植术，采用双腔气管插管，留置Ｓwan－Ｇanz气囊漂浮导管术中监测肺动脉压，先分别行左右侧单肺通气后评估肺动脉压增高情况、氧饱和度能否维持、有无二氧化 || 航绿色通道转运至我院，供体肺冷缺血时间约7h。病例2的供体来源于本院脑死亡捐献者，冷缺血时间低于1h。受体手术方式：病例1采取序贯式双肺移植术，采用双腔气管插管，留置Ｓwan－Ｇanz气囊漂浮导管术中监测肺动脉压，先分别行左右侧单肺通气后评估肺动脉压增高情况、氧饱和度能否维持、有无 || 绿色通道转运至我院，供体肺冷缺血时间约7h。病例2的供体来源于本院脑死亡捐献者，冷缺血时间低于1h。受体手术方式：病例1采取序贯式双肺移植术，采用双腔气管插管，留置Ｓwan－Ｇanz气囊漂浮导管术中监测肺动脉压，先分别行左右侧单肺通气后评估肺动脉压增高情况、氧饱和度能否维持、有无二 || 色通道转运至我院，供体肺冷缺血时间约7h。病例2的供体来源于本院脑死亡捐献者，冷缺血时间低于1h。受体手术方式：病例1采取序贯式双肺移植术，采用双腔气管插管，留置Ｓwan－Ｇanz气囊漂浮导管术中监测肺动脉压，先分别行左右侧单肺通气后评估肺动脉压增高情况、氧饱和度能否维持、有无二氧,0,6,0,0,8,0,5,9
0604.txt,脑死亡心脏供体的评估和管理方法探索,2018,5,0.375,,"供心的切取供体气管插管后 | 供体心肺的切取气管插管 | 供者脑死亡后迅速建立人工呼吸 | 供肺切取:供体气管插管 | 供体心脏的提取供心者取仰卧位,垫高胸腔,气管插管",2供心的维护：供体管理的 | 供心的维护：供体管理的 | 判定供者为脑死亡状态后，供者 | .2供心的维护：供体管 | 心脏供体管理措施，可以提高心脏供体利用率，改善心,肥厚的供心，只要不存在左室流出道梗阻，都应该被使用，尤其是对于受体既往有高血压病史，拥有肥厚左心室的供心可能更适应受体较高的后负荷状态。3.2供心的维护：供体管理的目标应包括良好的平均动脉压、心室容量、射血分数和心输出量，纠正酸中度、贫血及低钠血症，良好的气体交换，并使用单一的血管 || 厚的供心，只要不存在左室流出道梗阻，都应该被使用，尤其是对于受体既往有高血压病史，拥有肥厚左心室的供心可能更适应受体较高的后负荷状态。3.2供心的维护：供体管理的目标应包括良好的平均动脉压、心室容量、射血分数和心输出量，纠正酸中度、贫血及低钠血症，良好的气体交换，并使用单一的血管活 || 0μmol/L。淋巴细胞毒抗体试验阳性率均＜10％，1例供、受体体重差大于20%且小于30%，其余体重相差均在20％以内。1.3供心选择：在判定供者为脑死亡状态后，供者家属有捐献意向开始，对供者心脏进行评估。1.3.1供体评估内容（表1）：①一般情况；②体检结果；③实验室检查结果； || 室肥厚的供心，只要不存在左室流出道梗阻，都应该被使用，尤其是对于受体既往有高血压病史，拥有肥厚左心室的供心可能更适应受体较高的后负荷状态。3.2供心的维护：供体管理的目标应包括良好的平均动脉压、心室容量、射血分数和心输出量，纠正酸中度、贫血及低钠血症，良好的气体交换，并使用单一的血 || ，术后通过体外膜肺氧合（ECMO）联合主动脉内球囊反搏（IABP），肾脏替代治疗（CRRT）1周后恢复。结论对于供体及受体的综合评估，有效的心脏供体管理措施，可以提高心脏供体利用率，改善心脏移植远期生存率。【关键词】器官捐献；评估标准；供者维护；心脏移植Evatuationandm,0,1,0,0,4,1,2,5
1828.txt,同种异体原位心脏移植治疗终末期瓣膜病1例报告,2018,2,0.333333333333333,,快速胸部正中切口进胸 | 供体全身肝素化后，仰卧位，经口气管内插管,管；胸骨正中切口入胸 | 备插管用。受体全身肝素化。供体正中切口，,超检查确认心脏无器质性病变、心功能良好，维持平均动脉压在70mmＨg以上。1．2手术方法确认供心适用后将受体患者麻醉，分离右侧股动脉备动脉插管；胸骨正中切口入胸，分离粘连，上、下腔静脉缝荷包缝线备插管用。受体全身肝素化。供体正中切口，切开心包，升主动脉根部查动脉灌注管，阻断升主动脉 || 在70mmＨg以上。1．2手术方法确认供心适用后将受体患者麻醉，分离右侧股动脉备动脉插管；胸骨正中切口入胸，分离粘连，上、下腔静脉缝荷包缝线备插管用。受体全身肝素化。供体正中切口，切开心包，升主动脉根部查动脉灌注管，阻断升主动脉，经主动脉灌注管灌注ＨＴＫ心肌保护液，同时剪开右下肺静,0,0,0,0,2,0,0,2
2323.txt,边缘心脏供体移植术护理配合体验,2018,1,0.440983005625053,,供心切取配合..气管插管,..22取心护理配合取心,织配型及右心导管检查，明确患者有无手术禁忌症。2手术配合22..11取心材料准备取心材料准备准备一套常规取心装置及心脏停搏液（HTK）。22..22取心护理配合取心护理配合心脏热缺血和冷缺血时间是移植成功的关键，这需要护士组掌握外科手术步骤。确认供体脑死亡并完成相关程序后，高效碘消,0,1,0,1,1,0,0,1
2417.txt,同种异体原位心脏移植的手术护理配合,2018,14,0.25,"potentially problematic, but nothing hard on this. ""1.2.1 供心切取方法 供者取平卧位，全身肝素化 后，常规消毒铺巾，胸骨正中切开，锯开胸骨，切开 心 包 "" is suggestive, but it doesn't refer to intubation, so it can't said to be incriminating.","供者气管插管 | 气管切开气管插管 | 供者行气管插管 | 快速胸部正中切口进胸 | 供体手术气管插管 | 供体平卧位，气管插管 | 供体全身肝素化后，仰卧位，经口气管内插管 | 供心切取配合..气管插管 | 脑死亡后,气管插管 | 协助麻醉医生进行支纤镜检查后进行气管插管 | 协助麻醉医生进行支纤镜检查后进行供体气管插管 | 供体手术气管插管通气 | 脑死亡后立即气管内插管给氧 | 脑死亡后迅速气管插管进行机械通气",醉气管内插管 | 身麻醉气管内插管 | 麻醉气管内插管 | 胸骨。切开前胸正中切 | 全身麻醉气管内插管， | 方法供者取平卧位，全身肝素化后，常规消毒 | .2.1供心切取方法供者 | 全身麻醉气管内插管 | 组通知供心良好后进行全身麻醉气管内插管， | 组通知供心良好后进行全身麻醉气管内插管，推注 | 行全身麻醉气管内插管 | 好后进行全身麻醉气管内插管 | 供心良好后进行全身麻醉气管内插管,生素；②与器械护士共同清点手术台上所有物品等；③协助麻醉医生行桡动脉穿刺，右锁骨下静脉穿刺，置漂浮导管；④接到供心组通知供心良好后进行全身麻醉气管内插管，推注舒莱抗排斥药，留置测温尿管；⑤当供心送达手术室时，与手术医生共同再次核对供受体血型、组织配型结果；⑥手术中密切观察手术进展， || 注抗生素；②与器械护士共同清点手术台上所有物品等；③协助麻醉医生行桡动脉穿刺，右锁骨下静脉穿刺，置漂浮导管；④接到供心组通知供心良好后进行全身麻醉气管内插管，推注舒莱抗排斥药，留置测温尿管；⑤当供心送达手术室时，与手术医生共同再次核对供受体血型、组织配型结果；⑥手术中密切观察手术进 || 抗生素；②与器械护士共同清点手术台上所有物品等；③协助麻醉医生行桡动脉穿刺，右锁骨下静脉穿刺，置漂浮导管；④接到供心组通知供心良好后进行全身麻醉气管内插管，推注舒莱抗排斥药，留置测温尿管；⑤当供心送达手术室时，与手术医生共同再次核对供受体血型、组织配型结果；⑥手术中密切观察手术进展 || 需将冰桶固定稳妥避免途中颠簸。供心切取中台下联络员立即通知受体手术组准备，以缩短冷缺血时间。1.2.2移植手术方法仰卧位，胸椎后垫一软垫抬高胸骨。切开前胸正中切口，电锯锯开胸骨，切开心包并缝吊，全身肝素化ACT达到后升主动脉远端和上、下腔静脉分别插管建立体外循环。剪刀分离主动脉⁃肺 || 输注抗生素；②与器械护士共同清点手术台上所有物品等；③协助麻醉医生行桡动脉穿刺，右锁骨下静脉穿刺，置漂浮导管；④接到供心组通知供心良好后进行全身麻醉气管内插管，推注舒莱抗排斥药，留置测温尿管；⑤当供心送达手术室时，与手术医生共同再次核对供受体血型、组织配型结果；⑥手术中密切观察手术,0,3,0,0,14,0,0,14
3244.txt,合并肺段挫伤供肺肺移植的临床疗效分析,2018,23,0.125,,"供者气管插管 | 供体手术气管插管 | 供者行气管插管 | 供体手术气管插管通气 | 气管切开气管插管 | 脑死亡后，用麻醉机维持呼吸 | 供体平卧位，气管插管 | 供肺切取:供体气管插管 | 供心的切取供体气管插管后 | 供体心肺的切取气管插管 | 脑死亡后迅速气管插管进行机械通气 | 供心保护脑死亡后用麻醉机维持呼吸 | 脑死亡后用麻醉机维持呼吸 | 供者平卧位,气管插管 | 脑死亡后,气管插管 | 脑死亡后迅速气管插管 | 脑死亡后插入气管导管 | 供体死亡后行人工呼吸、循环支持 | 脑死亡后气管紧急插管,纯氧通气 | 经气管切开气管插管建立人工呼吸 | 脑死亡后,紧急气管插管 | 脑死亡后立即气管内插管给氧 | 供体心肺的获取和保护..行气管插管通气",供体气管插管 | 因此供体气管插管 | 此供体气管插管 | 气管插管机械辅助通气 | 死亡后，恢复呼吸机支持；脑 | 宜。因此供体气管插管 | 事宜。因此供体气管插管 | 供体气管插管机械辅助通气 | 宜。因此供体气管插管机械辅助通气 | 心脏死亡后，恢复呼吸机支持；脑死 | 脏死亡后，恢复呼吸机支持 | 。因此供体气管插管 | 死亡后，恢复呼吸机支持；脑死亡 | 。因此供体气管插管机械辅助通气 | 体气管插管机械辅助通气 | 以内。气管插管机械辅助通气 | 捐献事宜。因此供体气管插管机械辅助通气,要为严重颅脑外伤、脑卒中等[12]。从发病至抢救无效达到脑死亡捐献状态，许多供体家属仍无法接受既定事实，仍需要大量时间与之沟通捐献事宜。因此供体气管插管机械辅助通气时间很难控制在48h以内。气管插管机械辅助通气时间超过3d，供肺大多会合并呼吸机相关性肺炎，而且易合并耐药菌感染，因此 || 病主要为严重颅脑外伤、脑卒中等[12]。从发病至抢救无效达到脑死亡捐献状态，许多供体家属仍无法接受既定事实，仍需要大量时间与之沟通捐献事宜。因此供体气管插管机械辅助通气时间很难控制在48h以内。气管插管机械辅助通气时间超过3d，供肺大多会合并呼吸机相关性肺炎，而且易合并耐药菌感染， || 主要为严重颅脑外伤、脑卒中等[12]。从发病至抢救无效达到脑死亡捐献状态，许多供体家属仍无法接受既定事实，仍需要大量时间与之沟通捐献事宜。因此供体气管插管机械辅助通气时间很难控制在48h以内。气管插管机械辅助通气时间超过3d，供肺大多会合并呼吸机相关性肺炎，而且易合并耐药菌感染，因 || 严重颅脑外伤、脑卒中等[12]。从发病至抢救无效达到脑死亡捐献状态，许多供体家属仍无法接受既定事实，仍需要大量时间与之沟通捐献事宜。因此供体气管插管机械辅助通气时间很难控制在48h以内。气管插管机械辅助通气时间超过3d，供肺大多会合并呼吸机相关性肺炎，而且易合并耐药菌感染，因此首先 || 态，符合获取标准。心脏死亡器官捐献（DCD）供肺捐献流程：停止呼吸机机械通气后，待心脏停搏5min，氧饱和度为0，由红十字会指定专家确定心脏死亡后，恢复呼吸机支持；脑死亡器官捐献（DBD）或脑-心双死亡器官捐献（DBCD）供肺捐献流程：持续呼吸机机械通气支持。呼吸机给氧浓度维持在5,0,23,0,4,23,19,23,23
3554.txt,复杂先天性心脏病心脏移植杂交术围术期管理要点,2018,1,0.469669914110089,,供心的切取供体气管插管后,.LN供心的获取 供心的,"阻断 2# mn,患者术后5 C转出<CU,20 C后出院，目前 仍在随访中）&*&"", ""2 +,Bm"", ""2- N术前准备"", ""2.LN供心的获取 供心的质量对于术后患者心"", ""jv}!e-.HMBaDFGDF|*HyKNK(Fw$_"", ""_Z!FNP[TPA!NM!",0,0,0,0,1,0,0,1
3651.txt,同种异体原位心脏移植18例临床分析,2018,2,0.479583500133467,,"供体全身肝素化后，仰卧位，经口气管内插管 | 供体心脏的提取供心者取仰卧位,垫高胸腔,气管插管",中开胸，全身肝素化，缝制升主动脉灌注管， | 取的供心。3．2供者心脏的保护最大限度地降低供心,例供、受者体质量比为0．77。供心的术前检查均未发现明显结构异常。1．3手术方法1．3．1供心获取及保存方法19例供心均在心脏搏动下获取。正中开胸，全身肝素化，缝制升主动脉灌注管，分别阻断上下腔静脉及灌注管头远端的升主动脉，先用4℃1000mＬ组氨酸－色氨酸－酮戊二酸液（ＨＴＫ液） || 2－13］。术前准备过程中，通过综合手段尽量降低患者肺动脉压力，尽量选择体质量大的供体，尽量选择在脑死亡后有稳定的血流动力学和不缺氧条件下获取的供心。3．2供者心脏的保护最大限度地降低供心的心肌损伤也是心脏移植成功的重要因素［14］。我院全部选用脑死亡患者，选择使用ＨＴＫ液作为供体,0,1,0,0,2,0,0,2
3704.txt,肺移植术后感染的评估与救治,2018,15,0.198216274262727,,"气管切开气管插管 | 脑死亡后,气管插管 | 供体手术气管插管 | 脑死亡后迅速气管插管 | 脑死亡后插入气管导管 | 脑死亡后,紧急气管插管 | 脑死亡后迅速气管插管进行机械通气 | 进行供心、肺切取,吸净气管分泌物,气管插管给氧 | 供者平卧位,气管插管 | 脑死亡后立即气管内插管给氧 | 供体心肺的切取气管插管 | 供心的切取供体气管插管后 | 供心切取配合..气管插管 | 供肺切取:供体气管插管 | 供体心肺的获取和保护..行气管插管通气",气管插管、鼻胃管 | 后气管插管、鼻胃管 | 中；术后气管插管 | 术后气管插管、鼻胃管 | ；术后气管插管、鼻胃管 | 估流程时，均接受气管插管机械通气 | 气管插管、鼻胃管、支气管镜等技术的运用；供体肺 | 后气管插管、鼻胃管、支气管 | 管插管、鼻胃管、支气管 | 原体环境中；术后气管插管 | 气管插管、鼻胃管、支气管 | 均接受气管插管机械通气，发生肺炎的风险,和病毒［9-11］。术后患者肺部感染的高危因素主要有：移植的肺脏与外界相通，持续受到上呼吸道定植微生物的影响及暴露在外部的病原体环境中；术后气管插管、鼻胃管、支气管镜等技术的运用；供体肺携带的病原体；术后支气管循环中断引起的上皮细胞完整性被破坏、纤毛功能受损导致术后早期易并发感染； || 菌和病毒［9-11］。术后患者肺部感染的高危因素主要有：移植的肺脏与外界相通，持续受到上呼吸道定植微生物的影响及暴露在外部的病原体环境中；术后气管插管、鼻胃管、支气管镜等技术的运用；供体肺携带的病原体；术后支气管循环中断引起的上皮细胞完整性被破坏、纤毛功能受损导致术后早期易并发感染 || 次为真菌和病毒［9-11］。术后患者肺部感染的高危因素主要有：移植的肺脏与外界相通，持续受到上呼吸道定植微生物的影响及暴露在外部的病原体环境中；术后气管插管、鼻胃管、支气管镜等技术的运用；供体肺携带的病原体；术后支气管循环中断引起的上皮细胞完整性被破坏、纤毛功能受损导致术后早期易并 || 真菌和病毒［9-11］。术后患者肺部感染的高危因素主要有：移植的肺脏与外界相通，持续受到上呼吸道定植微生物的影响及暴露在外部的病原体环境中；术后气管插管、鼻胃管、支气管镜等技术的运用；供体肺携带的病原体；术后支气管循环中断引起的上皮细胞完整性被破坏、纤毛功能受损导致术后早期易并发感 || 为真菌和病毒［9-11］。术后患者肺部感染的高危因素主要有：移植的肺脏与外界相通，持续受到上呼吸道定植微生物的影响及暴露在外部的病原体环境中；术后气管插管、鼻胃管、支气管镜等技术的运用；供体肺携带的病原体；术后支气管循环中断引起的上皮细胞完整性被破坏、纤毛功能受损导致术后早期易并发,0,7,0,0,15,0,2,15
4138.txt,双肺移植同期Nuss手术治疗造血干细胞移植术后闭塞性细支气管炎综合征合并胸廓畸形长期生存1例,2018,19,0.183503419072274,,"供者气管插管 | 气管切开气管插管 | 供者行气管插管 | 脑死亡后,气管插管 | 供体全身肝素化后，仰卧位，经口气管内插管 | 供者平卧位,气管插管 | 供体平卧位，气管插管 | 脑死亡后迅速气管插管 | 脑死亡后插入气管导管 | 脑死亡后,紧急气管插管 | 供体心肺的切取气管插管 | 供心的切取供体气管插管后 | 脑死亡后,将供体取仰卧位,争取做气管插管 | 供肺切取:供体气管插管 | 经气管切开气管插管建立人工呼吸 | 脑死亡后立即气管内插管给氧 | 供心切取配合..气管插管 | 供体心脏的提取供心者取仰卧位,垫高胸腔,气管插管 | 脑死亡后气管紧急插管,纯氧通气",腔管气管插管 | 后双腔管气管插管 | 气管插管，患者 | 醉后双腔管气管插管 | 全身麻醉后双腔管气管插管，患者取仰卧位， | 气管插管，患者取仰卧 | 麻醉后双腔管气管插管 | 身麻醉后双腔管气管插管 | 双腔管气管插管，患者取 | 后双腔管气管插管，患者取 | 体全身麻醉后双腔管气管插管，患者取仰卧位 | 。受体全身麻醉后双腔管气管插管 | 体全身麻醉后双腔管气管插管 | 1]。受体全身麻醉后双腔管气管插管，患者取仰卧位,旋糖酐液（raffinose-lowpotassiumdextransolution，RLPD液）灌注并保存转运供肺[1]。受体全身麻醉后双腔管气管插管，患者取仰卧位，体外膜肺氧合（ECMO）辅助采用右侧股静脉-动脉（venous-artery，V-A）插管模式，ECMO使用方案详 || 钾右旋糖酐液（raffinose-lowpotassiumdextransolution，RLPD液）灌注并保存转运供肺[1]。受体全身麻醉后双腔管气管插管，患者取仰卧位，体外膜肺氧合（ECMO）辅助采用右侧股静脉-动脉（venous-artery，V-A）插管模式，ECMO使用方 || 酐液（raffinose-lowpotassiumdextransolution，RLPD液）灌注并保存转运供肺[1]。受体全身麻醉后双腔管气管插管，患者取仰卧位，体外膜肺氧合（ECMO）辅助采用右侧股静脉-动脉（venous-artery，V-A）插管模式，ECMO使用方案详见文 || 低钾右旋糖酐液（raffinose-lowpotassiumdextransolution，RLPD液）灌注并保存转运供肺[1]。受体全身麻醉后双腔管气管插管，患者取仰卧位，体外膜肺氧合（ECMO）辅助采用右侧股静脉-动脉（venous-artery，V-A）插管模式，ECMO使用 || 棉子糖低钾右旋糖酐液（raffinose-lowpotassiumdextransolution，RLPD液）灌注并保存转运供肺[1]。受体全身麻醉后双腔管气管插管，患者取仰卧位，体外膜肺氧合（ECMO）辅助采用右侧股静脉-动脉（venous-artery，V-A）插管模式，ECM,0,7,0,0,19,0,0,19
0472.txt,体外膜肺氧合桥接心脏移植术的护理,2019,3,0.394594485403319,,供体心肺的切取气管插管 | 供心切取配合..气管插管 | 供心的切取供体气管插管后,气管插管与中心静脉导管 | 带气管插管与中心静脉导管,安排人员站位和机器摆 放，待准备就绪，安全快速转运患者至手术床。确认 ECMO处于正常运作状态后，妥善固定各管道并做 好清晰标识。患者均携带气管插管与中心静脉导管 入手术间，评估静脉通路是否满足手术需求，保证 2条通路，1条供麻醉药物输注，1条供输血使用。 ECMO运转期间，血小板 || 理安排人员站位和机器摆 放，待准备就绪，安全快速转运患者至手术床。确认 ECMO处于正常运作状态后，妥善固定各管道并做 好清晰标识。患者均携带气管插管与中心静脉导管 入手术间，评估静脉通路是否满足手术需求，保证 2条通路，1条供麻醉药物输注，1条供输血使用。 ECMO运转期间，血小,0,0,0,0,3,0,0,3
0735.txt,中国肺移植供肺获取与保护技术规范(2019版),2019,22,0.25,,"供者气管插管 | 气管切开气管插管 | 供体手术气管插管通气 | 供者行气管插管 | 供体平卧位，气管插管 | 供者平卧位,气管插管 | 脑死亡后迅速气管插管进行机械通气 | 供体手术气管插管 | 脑死亡后,气管插管 | 脑死亡后气管紧急插管,纯氧通气 | 经气管切开气管插管建立人工呼吸 | 供体心肺的获取和保护..行气管插管通气 | 脑死亡后迅速气管插管 | 脑死亡后插入气管导管 | 供体心肺的切取气管插管 | 进行供心、肺切取,吸净气管分泌物,气管插管给氧 | 供者脑死亡后迅速建立人工呼吸 | 供肺切取:供体气管插管 | 供心的切取供体气管插管后 | 协助麻醉医生进行支纤镜检查后进行气管插管 | 脑死亡后,紧急气管插管 | 脑死亡后立即气管内插管给氧","、气管内插管 | 重的气管-支气管 | 通气充足、气管内插管 | 足、气管内插管 | 长期卧床及气管插管， | 气充足、气管内插管位 | 程时，均存在气 管插管和机械通气 | 充足、气管内插管 | 气充足、气管内插管 | 前,应确保通气充足、气管内插管 | 经气管插管吸痰1次，必要时经纤 | 管插管和机械通气。ICU医护人员和供肺 | 床及气管插管，坠积性肺 | 布 供肺不合格之前,应确保通气充足、气管内插管 | ""脑死亡或脑心双死亡供者供 | 供肺选择；供肺获取；供 | 获取 小组对供者的液体管 | 纤维支 气管镜检查发现严重的气管-支气管 | 保通气充足、气管内插管 | 应确保通气充足、气管内插管","00 mmHg是供 肺可用的基本要求。尤其注意，供肺获取前应 每2小时进行1次动脉血气分析，如不达标,在宣布 供肺不合格之前,应确保通气充足、气管内插管位置 正确及潮气量足够，经纤维支气管镜检查排除大气 道内分泌物阻塞，同时采取充分通气、维持最佳体液"", ""% 88 %\t中华移 || 供者来源感染的传播风险可忽 略不计*7］。因此,纤维支气管镜下可吸净的痰液和 微生物培养阳性，不是弃用供肺的标准。若纤维支 气管镜检查发现严重的气管-支气管炎，特别是脓 性分泌物被吸出后仍从段支气管的开口涌出，提示 供肺感染严重，无法使用。"", ""(4)胸部影像学检查 一般要求胸 || ) ＞300 mmHg是供 肺可用的基本要求。尤其注意，供肺获取前应 每2小时进行1次动脉血气分析，如不达标,在宣布 供肺不合格之前,应确保通气充足、气管内插管位置 正确及潮气量足够，经纤维支气管镜检查排除大气 道内分泌物阻塞，同时采取充分通气、维持最佳体液"", ""% 88 %\ || 300 mmHg是供 肺可用的基本要求。尤其注意，供肺获取前应 每2小时进行1次动脉血气分析，如不达标,在宣布 供肺不合格之前,应确保通气充足、气管内插管位置 正确及潮气量足够，经纤维支气管镜检查排除大气 道内分泌物阻塞，同时采取充分通气、维持最佳体液"", ""% 88 %\t中华 || 献。脑死亡供者神经源性肺水肿发 生率高，出现后极易发生肺部感染，同时肺水肿会引 起肺泡弥散功能下降，导致低氧血症[17-18]。此外， 由于长期卧床及气管插管，坠积性肺炎亦常发生，故 早期积极预防性抗感染治疗是必要的。病原体培养 阴性的供肺较少，但通过选用敏感抗菌药物仍能获 得较满",0,11,0,0,21,0,3,22
1841.txt,体外膜肺氧合在心脏死亡器官捐献供肝保护中的应用,2019,11,0.25,,"供者气管插管 | 气管切开气管插管 | 供者行气管插管 | 经气管切开气管插管建立人工呼吸 | 供体手术气管插管 | 供体全身肝素化后，仰卧位，经口气管内插管 | 脑死亡后,气管插管 | 供体手术气管插管通气 | 供肺切取:供体气管插管 | 供体死亡后行人工呼吸、循环支持 | 供体脑死亡后快速正中开胸,同时插入气管导管人工通气",及 气管插管 | 按压及 气管插管 | 压及 气管插管 | 外按压及 气管插管持续人工呼吸 | 1］，无法早期全 身肝素化导致供体血管内 | 外按压及 气管插管 | 胸外按压及 气管插管 | 供体血管内及ECMO管 | CD供体 进行体外循环支持，结 | 胸外按压及 气管插管持续人工呼吸，同时快速经股动、,"- I 类和n类，ECMO的应用除了置管时机不同外， 其余操作流程相同。在供体心跳停止、经抢救无 效宣布死亡，家属签署同意书后，继续胸外按压及 气管插管持续人工呼吸，同时快速经股动、静脉行"", ""ECMO置管，立即开始ECMO循环。"", ""三、ECMO在DCD供肝保护中的应用情况"" || ht- I 类和n类，ECMO的应用除了置管时机不同外， 其余操作流程相同。在供体心跳停止、经抢救无 效宣布死亡，家属签署同意书后，继续胸外按压及 气管插管持续人工呼吸，同时快速经股动、静脉行"", ""ECMO置管，立即开始ECMO循环。"", ""三、ECMO在DCD供肝保护中的应用情 || t- I 类和n类，ECMO的应用除了置管时机不同外， 其余操作流程相同。在供体心跳停止、经抢救无 效宣布死亡，家属签署同意书后，继续胸外按压及 气管插管持续人工呼吸，同时快速经股动、静脉行"", ""ECMO置管，立即开始ECMO循环。"", ""三、ECMO在DCD供肝保护中的应用情况 || cht- I 类和n类，ECMO的应用除了置管时机不同外， 其余操作流程相同。在供体心跳停止、经抢救无 效宣布死亡，家属签署同意书后，继续胸外按压及 气管插管持续人工呼吸，同时快速经股动、静脉行"", ""ECMO置管，立即开始ECMO循环。"", ""三、ECMO在DCD供肝保护中的应用 || DCD供体在撤除生命支持措施前行全身肝素化 及股动静脉置管［28-29］；在英国，在供体循环停止前不 允许全身肝素化和股动静脉置管［30-31］，无法早期全 身肝素化导致供体血管内及ECMO管路中易形成 血栓。因此，ECMO用于DCD供体肝移植无法取 得满意的效果。"", ""（二）运",0,2,8,10,10,8,0,11
2109.txt,脑死亡器官捐献者合并感染的回顾性分析,2019,13,0.2,,"供体手术气管插管 | 供者气管插管 | 气管切开气管插管 | 供体手术气管插管通气 | 供者行气管插管 | 脑死亡后迅速气管插管 | 脑死亡后插入气管导管 | 供者平卧位,气管插管 | 供体平卧位，气管插管 | 脑死亡后,气管插管 | 经气管切开气管插管建立人工呼吸 | 脑死亡后,紧急气管插管 | 供体心肺的切取气管插管",受手术、气管插管 | 术、气管插管 | 经 受手术、气管插管 | 手术、气管插管 | 气管插管、深静脉置管 | 受手术、气管插管、深静脉置管 | 、气管插管、深静脉置管,"gan donation; Infection; T lymphocyte"", ""脑死亡是颅脑损伤最危险阶段，潜在供体在器官捐献之前多数经 受手术、气管插管、深静脉置管、留着导尿管等有创操作，往往接受 多种抗生素治疗，诱使病原耐药性增强，且急性期外周血T淋巴细胞 存在变化［1］，故 || n donation; Infection; T lymphocyte"", ""脑死亡是颅脑损伤最危险阶段，潜在供体在器官捐献之前多数经 受手术、气管插管、深静脉置管、留着导尿管等有创操作，往往接受 多种抗生素治疗，诱使病原耐药性增强，且急性期外周血T淋巴细胞 存在变化［1］，故此类 || Organ donation; Infection; T lymphocyte"", ""脑死亡是颅脑损伤最危险阶段，潜在供体在器官捐献之前多数经 受手术、气管插管、深静脉置管、留着导尿管等有创操作，往往接受 多种抗生素治疗，诱使病原耐药性增强，且急性期外周血T淋巴细胞 存在变化［1］ || an donation; Infection; T lymphocyte"", ""脑死亡是颅脑损伤最危险阶段，潜在供体在器官捐献之前多数经 受手术、气管插管、深静脉置管、留着导尿管等有创操作，往往接受 多种抗生素治疗，诱使病原耐药性增强，且急性期外周血T淋巴细胞 存在变化［1］，故此 || donation; Infection; T lymphocyte"", ""脑死亡是颅脑损伤最危险阶段，潜在供体在器官捐献之前多数经 受手术、气管插管、深静脉置管、留着导尿管等有创操作，往往接受 多种抗生素治疗，诱使病原耐药性增强，且急性期外周血T淋巴细胞 存在变化［1］，故此类患者",0,13,0,0,13,0,13,13
2523.txt,脑死亡合并感染供体的脏器维护处理,2019,11,0.25,,"供者气管插管 | 气管切开气管插管 | 供者行气管插管 | 供者平卧位,气管插管 | 脑死亡后,气管插管 | 供体手术气管插管 | 供体手术气管插管通气 | 脑死亡后,紧急气管插管 | 供体心肺的切取气管插管 | 脑死亡,面罩加压给氧,辅助呼吸 | 供肺切取:供体气管插管","灶,气管插管 | 感染灶,气管插管 | 染灶,气管插管 | 灶,气管插管时间长者 | 的感染灶,气管插管 | 能 的感染灶,气管插管 | ""入院后,常规呼吸机辅助呼吸, | 气管插管时间长者注意肺","用三代 头孢联合酶抑制剂抗感染治疗#"", ""1ZV !感染供体病原学资料收集方法"", ""入院后完善全身检查,仔细体检,筛查全身可能 的感染灶,气管插管时间长者注意肺部感染,颅脑外 伤患者注意皮肤软组织感染及腹腔感染情况,入院 后常规留取病原学标本,包括血%尿%肺泡灌洗液%伤 口分 || 规应用三代 头孢联合酶抑制剂抗感染治疗#"", ""1ZV !感染供体病原学资料收集方法"", ""入院后完善全身检查,仔细体检,筛查全身可能 的感染灶,气管插管时间长者注意肺部感染,颅脑外 伤患者注意皮肤软组织感染及腹腔感染情况,入院 后常规留取病原学标本,包括血%尿%肺泡灌洗液%伤 || 应用三代 头孢联合酶抑制剂抗感染治疗#"", ""1ZV !感染供体病原学资料收集方法"", ""入院后完善全身检查,仔细体检,筛查全身可能 的感染灶,气管插管时间长者注意肺部感染,颅脑外 伤患者注意皮肤软组织感染及腹腔感染情况,入院 后常规留取病原学标本,包括血%尿%肺泡灌洗液%伤 口 || 常规应用三代 头孢联合酶抑制剂抗感染治疗#"", ""1ZV !感染供体病原学资料收集方法"", ""入院后完善全身检查,仔细体检,筛查全身可能 的感染灶,气管插管时间长者注意肺部感染,颅脑外 伤患者注意皮肤软组织感染及腹腔感染情况,入院 后常规留取病原学标本,包括血%尿%肺泡灌洗液%伤 || ,常规应用三代 头孢联合酶抑制剂抗感染治疗#"", ""1ZV !感染供体病原学资料收集方法"", ""入院后完善全身检查,仔细体检,筛查全身可能 的感染灶,气管插管时间长者注意肺部感染,颅脑外 伤患者注意皮肤软组织感染及腹腔感染情况,入院 后常规留取病原学标本,包括血%尿%肺泡灌洗液%",0,3,0,0,10,0,0,11
3201.txt,广东梅州客家地区脑死亡器官捐献43例分析,2019,18,0.198216274262727,,"气管切开气管插管 | 供者气管插管 | 供者行气管插管 | 脑死亡后，用麻醉机维持呼吸 | 供体手术气管插管 | 脑死亡后用麻醉机维持呼吸 | 脑死亡后,气管插管 | 供体手术气管插管通气 | 脑死亡后迅速气管插管 | 脑死亡后插入气管导管 | 供者平卧位,气管插管 | 供体平卧位，气管插管 | 经气管切开气管插管建立人工呼吸 | 供者脑死亡后迅速建立人工呼吸 | 供心保护脑死亡后用麻醉机维持呼吸 | 脑死亡后,紧急气管插管 | 供体心肺的切取气管插管 | 供肺切取:供体气管插管","置气管插管!胃管 | 置气管插管 | 气管插管!胃管 | ，供者在脑死亡后使用呼吸机 | 供者在脑死亡后使用呼吸机 | 脑死亡 后,脑死亡 | 留 置气管插管!胃管 | 气管插管!胃管!尿管 | 气管插管!胃管!尿管!静脉导管 | 原因，供者在脑死亡后使用呼吸 | 其原因，供者在脑死亡后使用呼吸机 | 置气管插管!胃管!尿管","原因，供者在脑死亡后使用呼吸机，缺乏咳嗽反 射!自主排痰功能，呼吸机相关性肺炎的发生率高， 免疫力低下，应用皮质激素，接受各种侵袭性操作留 置气管插管!胃管!尿管!静脉导管!各种引流管，往 往发生多部位定植菌的感染，导致这类患者易患各 种感染)需要医务工作者关注肺部等重点脏器体 征 || 其原因，供者在脑死亡后使用呼吸机，缺乏咳嗽反 射!自主排痰功能，呼吸机相关性肺炎的发生率高， 免疫力低下，应用皮质激素，接受各种侵袭性操作留 置气管插管!胃管!尿管!静脉导管!各种引流管，往 往发生多部位定植菌的感染，导致这类患者易患各 种感染)需要医务工作者关注肺部等重点脏器体 || 因，供者在脑死亡后使用呼吸机，缺乏咳嗽反 射!自主排痰功能，呼吸机相关性肺炎的发生率高， 免疫力低下，应用皮质激素，接受各种侵袭性操作留 置气管插管!胃管!尿管!静脉导管!各种引流管，往 往发生多部位定植菌的感染，导致这类患者易患各 种感染)需要医务工作者关注肺部等重点脏器体 征! || 生率,提示感染发生率高，其中 下呼吸道是主要的感染灶来源，革兰阴性杆菌是主 要的病原菌)这与国内多个研究[/3 8/+]结果一致) 究其原因，供者在脑死亡后使用呼吸机，缺乏咳嗽反 射!自主排痰功能，呼吸机相关性肺炎的发生率高， 免疫力低下，应用皮质激素，接受各种侵袭性操作留 置气管 || 率,提示感染发生率高，其中 下呼吸道是主要的感染灶来源，革兰阴性杆菌是主 要的病原菌)这与国内多个研究[/3 8/+]结果一致) 究其原因，供者在脑死亡后使用呼吸机，缺乏咳嗽反 射!自主排痰功能，呼吸机相关性肺炎的发生率高， 免疫力低下，应用皮质激素，接受各种侵袭性操作留 置气管插",0,18,1,0,17,0,1,18
3435.txt,第39届国际心肺移植协会年会热点速递,2019,13,0.125,,"供者气管插管 | 供者行气管插管 | 气管切开气管插管 | 供体手术气管插管 | 脑死亡后插入气管导管 | 脑死亡后,气管插管 | 供体手术气管插管通气 | 脑死亡后迅速气管插管 | 供者平卧位,气管插管 | 脑死亡后,紧急气管插管 | 供体心肺的切取气管插管 | 供肺切取:供体气管插管 | 脑死亡后气管紧急插管,纯氧通气","受者气管插管 | 后受者气管插管 | 术后受者气管插管 | 植术后受者气管插管导 | 植术后受者气管插管 | 移植术后受者气管插管 | 肺移植术后受者气管插管 | 作用,而肺移植术后受者气管插管","较低，中位随 访时间162 d,均存活。该研究考虑到HCV在体外 供肺与在正常体内不同，抗病毒药物需要在体内代 谢才能发挥作用,而肺移植术后受者气管插管导致 口服药物不便，因此采取了照射的方式作用于病毒 核酸。但该研究病例较少，观察时间有限，其对术后 并发症、移植物排斥反应和长期存 || 数较低，中位随 访时间162 d,均存活。该研究考虑到HCV在体外 供肺与在正常体内不同，抗病毒药物需要在体内代 谢才能发挥作用,而肺移植术后受者气管插管导致 口服药物不便，因此采取了照射的方式作用于病毒 核酸。但该研究病例较少，观察时间有限，其对术后 并发症、移植物排斥反应和长期 || 贝数较低，中位随 访时间162 d,均存活。该研究考虑到HCV在体外 供肺与在正常体内不同，抗病毒药物需要在体内代 谢才能发挥作用,而肺移植术后受者气管插管导致 口服药物不便，因此采取了照射的方式作用于病毒 核酸。但该研究病例较少，观察时间有限，其对术后 并发症、移植物排斥反应和长 || 拷贝数较低，中位随 访时间162 d,均存活。该研究考虑到HCV在体外 供肺与在正常体内不同，抗病毒药物需要在体内代 谢才能发挥作用,而肺移植术后受者气管插管导致 口服药物不便，因此采取了照射的方式作用于病毒 核酸。但该研究病例较少，观察时间有限，其对术后 并发症、移植物排斥反应和 || A拷贝数较低，中位随 访时间162 d,均存活。该研究考虑到HCV在体外 供肺与在正常体内不同，抗病毒药物需要在体内代 谢才能发挥作用,而肺移植术后受者气管插管导致 口服药物不便，因此采取了照射的方式作用于病毒 核酸。但该研究病例较少，观察时间有限，其对术后 并发症、移植物排斥反应",0,5,0,0,13,0,0,13
3809.txt,心肺联合移植11例单中心经验,2019,15,0.25,,"供者气管插管 | 气管切开气管插管 | 供者行气管插管 | 脑死亡后,气管插管 | 供体手术气管插管 | 经气管切开气管插管建立人工呼吸 | 供者平卧位,气管插管 | 供体手术气管插管通气 | 脑死亡后气管紧急插管,纯氧通气 | 进行供心、肺切取,吸净气管分泌物,气管插管给氧 | 快速胸部正中切口进胸 | 脑死亡后,紧急气管插管 | 供心的切取供体气管插管后 | 供体心脏的提取供心者取仰卧位,垫高胸腔,气管插管 | 供体心肺的切取气管插管","腔气管内插管 | 暴露气管,在气管 | 单腔气管内插管 | 醉,单腔气管内插管 | ,单腔气管内插管 | 腔气管内插管;常规留 置经食管 | 麻醉,单腔气管内插管 | 暴露气管,在气管隆突 | 间的 后心包,暴露气管,在气管 | m处横断气管，吸除气道内分泌物"", 
""⑴插管 | 者均采用胸骨正中切口 | 身麻醉,单腔气管内插管 | 供肺和供心，依次吻合气管 | ）,选 用体质量略轻的供者供心,供心功能优先于供 | 肺和供心，依次吻合气管","择标准,心脏功能优 先考虑$所有手术均经广州医科大学附属第一医院 伦理委员会审核通过$"", ""1.2 手术方法"", ""所有受者均全身麻醉,单腔气管内插管;常规留 置经食管超声心动图及桡动脉和股动脉测压管$"", ""(3)供者心肺准备"", ""仔细检查供者心肺,评估获取时可能造成的 损伤 || 右支气管,切除右肺$左肺切除 步骤同右肺$注意保护膈神经%喉返神经及迷走 神经$"", ""完成肺切除后,切开主动脉和上腔静脉之间的 后心包,暴露气管,在气管隆突周围的软组织上做横 切口,位置应尽可能低,以保证远段气管的血供$钝 性分离隆突和支气管残端,注意避免损伤迷走神经$ 纵隔游 || 选择标准,心脏功能优 先考虑$所有手术均经广州医科大学附属第一医院 伦理委员会审核通过$"", ""1.2 手术方法"", ""所有受者均全身麻醉,单腔气管内插管;常规留 置经食管超声心动图及桡动脉和股动脉测压管$"", ""(3)供者心肺准备"", ""仔细检查供者心肺,评估获取时可能造成的 损 || 供者选择标准,心脏功能优 先考虑$所有手术均经广州医科大学附属第一医院 伦理委员会审核通过$"", ""1.2 手术方法"", ""所有受者均全身麻醉,单腔气管内插管;常规留 置经食管超声心动图及桡动脉和股动脉测压管$"", ""(3)供者心肺准备"", ""仔细检查供者心肺,评估获取时可能造成的 || 者选择标准,心脏功能优 先考虑$所有手术均经广州医科大学附属第一医院 伦理委员会审核通过$"", ""1.2 手术方法"", ""所有受者均全身麻醉,单腔气管内插管;常规留 置经食管超声心动图及桡动脉和股动脉测压管$"", ""(3)供者心肺准备"", ""仔细检查供者心肺,评估获取时可能造成的",0,3,0,0,15,0,0,13
0587.txt,脑死亡患者的自主呼吸激发试验应用与安全,2020,2,0.398662205697045,,供心的切取供体气管插管后 | 供肺切取:供体气管插管,使用 插入气管的导管提供 | 用 插入气管的导管提供,"通过气管补充氧气［00］\""如果有合适的 设备，也可以将二氧化碳、氧气添加到3HM\""回路 中以改变血液Pae。?、动脉血氧分压\""此外，不使用 插入气管的导管提供高流量氧气,可以避免多种潜 在的并发症,如张力性气胸、心脏停搏、呼吸机自动 触发（ @J.K,l5K=D 59K=KD || 过气管补充氧气［00］\""如果有合适的 设备，也可以将二氧化碳、氧气添加到3HM\""回路 中以改变血液Pae。?、动脉血氧分压\""此外，不使用 插入气管的导管提供高流量氧气,可以避免多种潜 在的并发症,如张力性气胸、心脏停搏、呼吸机自动 触发（ @J.K,l5K=D 59K=KD,",0,0,0,2,2,0,0,2
0877.txt,24例心血管手术后再次开胸心脏移植患者的临床研究,2020,1,0.416666666666667,,快速胸部正中切口进胸,规正中开胸，根据胸部,脏移植手术。心血管手术后患者再 次开胸手术耗时较长，所以比对照组更加需要安 排好供心获取和植入的衔接时间，尽量减少冷缺 血时间。手术过程：常规正中开胸，根据胸部CT 来判断主动脉，心脏与胸骨后黏连的程度，行股动 静脉插管，建立CPB，在CPB辅助下开胸，依次游 离主动脉，肺动脉，上,0,0,0,0,1,0,0,1
1755.txt,2例脑死亡器官捐献的胰肾联合移植术的手术配合,2020,2,0.444444444444444,,供者行气管插管 | 供肺切取:供体气管插管,"血管走行淋巴管 | 善保管供 体器官,供体","术中流程!术前常规准备 手术取 腹部正中绕脐切口（约：5 cm）,圆盘拉钩暴露术野，右 侧髂窝游离出髂内动脉、髂外静脉 结扎小血管分支及 沿血管走行淋巴管%"", "":.$.$ !移植肾血液供应的重建!心耳钳阻断髂外静 脉血供，纵行切开长约1 cm血管壁，修剪静脉壁后用 58\""Pr || 手术工作,同时使用3个手术间,根据手术进程合理计 划时间进行,从器官的获取到器官的修整和移植,器械 护士和巡回护士都应做好培训,动作轻柔,妥善保管供 体器官,供体器官在获取&修剪&移植过程中需低温保 护,制作较细的冰屑,严防污染&滑落,安排熟悉手术步 骤&责任心强&认真细致的3组护",0,0,0,0,2,0,0,2
2240.txt,爆发性心肌炎ECMO依赖患者心脏移植术后护理,2020,10,0.198216274262727,,"气管切开气管插管 | 供者气管插管 | 脑死亡后插入气管导管 | 供体确定脑死亡后,气管插管,彻底吸除气道分泌物,用简易呼吸器人工控制呼吸 | 供体心肺的切取气管插管 | 供体平卧位，气管插管 | 供心切取配合..气管插管 | 供心的切取供体气管插管后 | 供体心脏的提取供心者取仰卧位,垫高胸腔,气管插管 | 供肺切取:供体气管插管","管路。带气管插管 | 。带气管插管 | 管路。带气管插管转入 | 病情及时吸痰,尽早拔除气管插管, 观察呼吸道分泌物颜色,性状,拍床旁片, | 管路。带气管插管转入心 | 置换管路。带气管插管 | 换管路。带气管插管转入心 | 后的 供心,行双腔法原位心脏移植,开放循环,心脏 | 浆置换管路。带气管插管","n,主动脉阻断130 min,并行辅助循 环116 min$供心冷缺血时间212 min,手术结束恢复EC）： 转流并串联C//T和血浆置换管路。带气管插管转入心外科 监护室。EC）：再辅助循环2d,成功撤除。术后第2天成功 撤除EC）：转流。因引流量多，凝血功能低下，肝功能差，于 || 主动脉阻断130 min,并行辅助循 环116 min$供心冷缺血时间212 min,手术结束恢复EC）： 转流并串联C//T和血浆置换管路。带气管插管转入心外科 监护室。EC）：再辅助循环2d,成功撤除。术后第2天成功 撤除EC）：转流。因引流量多，凝血功能低下，肝功能差，于 术 || 充 分供氧,加快肺功能的恢复对心脏移植成功起着至关重要的 作用$因此护理人员要掌握正确的吸痰方法,严格无菌操作, 防止感染的发生[2]$根据病情及时吸痰,尽早拔除气管插管, 观察呼吸道分泌物颜色,性状,拍床旁片,监测血象,留取痰培 养。患者在术后第2天撤除EC）：转流后，生命体征平 || min,主动脉阻断130 min,并行辅助循 环116 min$供心冷缺血时间212 min,手术结束恢复EC）： 转流并串联C//T和血浆置换管路。带气管插管转入心外科 监护室。EC）：再辅助循环2d,成功撤除。术后第2天成功 撤除EC）：转流。因引流量多，凝血功能低下，肝功能差 || in,主动脉阻断130 min,并行辅助循 环116 min$供心冷缺血时间212 min,手术结束恢复EC）： 转流并串联C//T和血浆置换管路。带气管插管转入心外科 监护室。EC）：再辅助循环2d,成功撤除。术后第2天成功 撤除EC）：转流。因引流量多，凝血功能低下，肝功能差，",0,2,0,0,10,0,0,10
2747.txt,肺移植受者30例术后早期感染诊疗分析,2020,1,0.477767032132906,,"脑死亡后,4例气管插管,3例面罩吸氧","U= 3例,支气管扩张症2例及&-,","间均> 48 h,平均年龄 （47 ±16）岁（25〜67岁），其中男性28例，女性 2例&原发病:尘肺14例,肺间质纤维化1\""例, &>U= 3例,支气管扩张症2例及&-,19-）3,综合征 1例& 24例为择期手术,6例为急诊手术&供肺来 自于27例供者,平均年龄（ 26 ±",0,1,0,0,1,0,0,1
4001.txt,自体心脏移植切除心脏肿瘤应用现状及技术要点,2020,6,0.329179606750063,,"供者气管插管 | 供者行气管插管 | 气管切开气管插管 | 供体手术气管插管 | 脑死亡后,气管插管 | 供体心肺的切取气管插管",插管。从插管 | 壁插管。从插管 | 侧壁插管。从插管 | 前侧壁插管。从插管 | 环和自体心脏移植的插管,"名静脉 交汇处，保证置管后近端至少留有1 cm长度上腔静脉组织以 便分离和再吻合。下腔静脉必须从膈肌附着部游离以便能从 低位下腔静脉的前侧壁插管。从插管处至右房至少应保留约 1 cm长度下腔静脉组织以供分离和再植。②切除心脏，主动 脉、上下腔静脉分别在上述位置横断，注意避免损伤窦房 || 无名静脉 交汇处，保证置管后近端至少留有1 cm长度上腔静脉组织以 便分离和再吻合。下腔静脉必须从膈肌附着部游离以便能从 低位下腔静脉的前侧壁插管。从插管处至右房至少应保留约 1 cm长度下腔静脉组织以供分离和再植。②切除心脏，主动 脉、上下腔静脉分别在上述位置横断，注意避免损伤窦 || 与无名静脉 交汇处，保证置管后近端至少留有1 cm长度上腔静脉组织以 便分离和再吻合。下腔静脉必须从膈肌附着部游离以便能从 低位下腔静脉的前侧壁插管。从插管处至右房至少应保留约 1 cm长度下腔静脉组织以供分离和再植。②切除心脏，主动 脉、上下腔静脉分别在上述位置横断，注意避免损伤 || 脉与无名静脉 交汇处，保证置管后近端至少留有1 cm长度上腔静脉组织以 便分离和再吻合。下腔静脉必须从膈肌附着部游离以便能从 低位下腔静脉的前侧壁插管。从插管处至右房至少应保留约 1 cm长度下腔静脉组织以供分离和再植。②切除心脏，主动 脉、上下腔静脉分别在上述位置横断，注意避免损 || 中必须小心保存冠状窦等重要 结构。此外，再植线占用组织和收缩心脏。由于没有多余的 组织可供裁剪，心脏切除和重建变得更加复杂。"", ""体外循环和自体心脏移植的插管与标准技术略有不同。 远端升主动脉可按常规方式插管进行动脉回流。然而，静脉 插管必须以允许双腔切除和再吻合的方式进行。因",0,1,0,0,6,0,0,4
