file_name,title_ch,journal_year,target_string,matching_string,string_distance,context,notes,execution_or_custody,brain_death,death_determination,cardiorespiratory_arrest,airway_or_ventilation,consent_or_family,donation_system,donor_language
0230.txt,中国肺移植供体标准及获取转运指南,2018,"脑死亡后,气管插管","充足,气 管内插管",0.363636363636364,"iO2>300 mmHg是基本要求。尤其注意，在获 取供肺前每2 h进行1次动脉血气分析，如果动脉血 气不达标,在宣布此肺不合格之前,应通气充足,气 管内插管位置正确,潮气量足够,同时经纤支镜吸净 气道分泌物以排除大气道内分泌物阻塞,只有在排除 上述影响因素、充分通气和维持最佳体液",,False,True,False,False,True,False,False,True
0230.txt,中国肺移植供体标准及获取转运指南,2018,"脑死亡后气管紧急插管,纯氧通气","之前,应通气充足,气 管内插管",0.399248590813889,"PaO2/FiO2>300 mmHg是基本要求。尤其注意，在获 取供肺前每2 h进行1次动脉血气分析，如果动脉血 气不达标,在宣布此肺不合格之前,应通气充足,气 管内插管位置正确,潮气量足够,同时经纤支镜吸净 气道分泌物以排除大气道内分泌物阻塞,只有在排除 上述影响因素、充分通气和",,False,True,False,False,True,False,False,True
0230.txt,中国肺移植供体标准及获取转运指南,2018,脑死亡后迅速气管插管进行机械通气,流程时，均接受气 管插管机械通气,0.4,"提高捐献 器官的使用率；同时发现不适合作为潜在供肺的证据， 避免盲目扩大边缘性供肺影响移植的近期及远期效果， 减少医疗资源浪费。供肺进入评估流程时，均接受气 管插管机械通气。因此，ICU医护人员和供肺获取专 家，应尽可能提前供肺维护，使更多供肺最终进入可 用之列。"", 
""3.1\",,False,True,False,False,True,False,True,True
0230.txt,中国肺移植供体标准及获取转运指南,2018,脑死亡后用麻醉机维持呼吸,死亡；叶类为脑死亡后呼吸,0.422649730810374,赫特(Maastricht)标准 分为5类：I类为供体到达医院时宣布死亡；D类为 心肺复苏后宣布供体死亡；出类为撤除生命支持措 施后等待心脏死亡；叶类为脑死亡后呼吸停止、心 脏停搏；V类为住院患者的心脏停搏。依据《中国 心脏死亡器官捐献分类标准》，我国器官捐献分为 3类：I类为DB,,False,True,True,True,True,False,True,True
0230.txt,中国肺移植供体标准及获取转运指南,2018,"脑死亡后,紧急气管插管","通气充足,气 管内插管",0.427108100768454,"/FiO2>300 mmHg是基本要求。尤其注意，在获 取供肺前每2 h进行1次动脉血气分析，如果动脉血 气不达标,在宣布此肺不合格之前,应通气充足,气 管内插管位置正确,潮气量足够,同时经纤支镜吸净 气道分泌物以排除大气道内分泌物阻塞,只有在排除 上述影响因素、充分通气和维持最佳",,False,True,False,False,True,False,False,True
0230.txt,中国肺移植供体标准及获取转运指南,2018,"供体确定脑死亡后,气管插管,彻底吸除气道分泌物,用简易呼吸器人工控制呼吸",",气 管内插管位置正确,潮气量足够,同时经纤支镜吸净 气道分泌物以排除大",0.452732766830112,"2>300 mmHg是基本要求。尤其注意，在获 取供肺前每2 h进行1次动脉血气分析，如果动脉血 气不达标,在宣布此肺不合格之前,应通气充足,气 管内插管位置正确,潮气量足够,同时经纤支镜吸净 气道分泌物以排除大气道内分泌物阻塞,只有在排除 上述影响因素、充分通气和维持最佳体液平衡",,False,True,False,False,True,False,False,True
0230.txt,中国肺移植供体标准及获取转运指南,2018,脑死亡后迅速气管插管,"气充足,气 管内插管",0.459938275132678,"FiO2>300 mmHg是基本要求。尤其注意，在获 取供肺前每2 h进行1次动脉血气分析，如果动脉血 气不达标,在宣布此肺不合格之前,应通气充足,气 管内插管位置正确,潮气量足够,同时经纤支镜吸净 气道分泌物以排除大气道内分泌物阻塞,只有在排除 上述影响因素、充分通气和维持最佳体",,False,True,False,False,True,False,False,True
0230.txt,中国肺移植供体标准及获取转运指南,2018,脑死亡后插入气管导管,"气充足,气 管内插管",0.459938275132678,"FiO2>300 mmHg是基本要求。尤其注意，在获 取供肺前每2 h进行1次动脉血气分析，如果动脉血 气不达标,在宣布此肺不合格之前,应通气充足,气 管内插管位置正确,潮气量足够,同时经纤支镜吸净 气道分泌物以排除大气道内分泌物阻塞,只有在排除 上述影响因素、充分通气和维持最佳体",,False,True,False,False,True,False,False,True
0230.txt,中国肺移植供体标准及获取转运指南,2018,脑死亡后，用麻醉机维持呼吸,，即脑死亡后停用生 命支持,0.461538461538461,"为DBD；n类国际标准化DCD,包括 Maastricht分类标准I〜汗类DCD ；出类为DBCD, 类似于Maastricht分类标准叶类，即脑死亡后停用生 命支持措施，呼吸停止、心脏停搏后的供体［6］。"", 
""我国DBD依据国家卫生和计划生育委员会脑损 伤质控评价中心制定的《",,False,True,False,True,True,False,False,True
0230.txt,中国肺移植供体标准及获取转运指南,2018,"供体脑死亡后快速正中开胸,同时插入气管导管人工通气","应通气充足,气 管内插管位置正确,潮气量足够,同时",0.477986688490833,"2/FiO2>300 mmHg是基本要求。尤其注意，在获 取供肺前每2 h进行1次动脉血气分析，如果动脉血 气不达标,在宣布此肺不合格之前,应通气充足,气 管内插管位置正确,潮气量足够,同时经纤支镜吸净 气道分泌物以排除大气道内分泌物阻塞,只有在排除 上述影响因素、充分通气和维持最",,False,True,False,False,True,False,False,True
0230.txt,中国肺移植供体标准及获取转运指南,2018,"供体在确认脑死亡后,气管插管,建立人工呼吸","前,应通气充足,气 管内插管位置正确,潮气",0.49290744716289,"aO2/FiO2>300 mmHg是基本要求。尤其注意，在获 取供肺前每2 h进行1次动脉血气分析，如果动脉血 气不达标,在宣布此肺不合格之前,应通气充足,气 管内插管位置正确,潮气量足够,同时经纤支镜吸净 气道分泌物以排除大气道内分泌物阻塞,只有在排除 上述影响因素、充分通气和维",,False,True,False,False,True,False,False,True
0230.txt,中国肺移植供体标准及获取转运指南,2018,"脑死亡后,将供体取仰卧位,争取做气管插管",",应通气充足,气 管内插管位置正确,潮气",0.495495404502766,"O2/FiO2>300 mmHg是基本要求。尤其注意，在获 取供肺前每2 h进行1次动脉血气分析，如果动脉血 气不达标,在宣布此肺不合格之前,应通气充足,气 管内插管位置正确,潮气量足够,同时经纤支镜吸净 气道分泌物以排除大气道内分泌物阻塞,只有在排除 上述影响因素、充分通气和维持",,False,True,False,False,True,False,False,True
0230.txt,中国肺移植供体标准及获取转运指南,2018,供者脑死亡后迅速建立人工呼吸,心脏死亡；叶类为脑死亡后呼吸,0.49604736932103,特里赫特(Maastricht)标准 分为5类：I类为供体到达医院时宣布死亡；D类为 心肺复苏后宣布供体死亡；出类为撤除生命支持措 施后等待心脏死亡；叶类为脑死亡后呼吸停止、心 脏停搏；V类为住院患者的心脏停搏。依据《中国 心脏死亡器官捐献分类标准》，我国器官捐献分为 3类：I类为,,False,True,True,True,False,False,True,True
0230.txt,中国肺移植供体标准及获取转运指南,2018,供心保护脑死亡后用麻醉机维持呼吸,等待心脏死亡；叶类为脑死亡后呼吸,0.496884705062547,马斯特里赫特(Maastricht)标准 分为5类：I类为供体到达医院时宣布死亡；D类为 心肺复苏后宣布供体死亡；出类为撤除生命支持措 施后等待心脏死亡；叶类为脑死亡后呼吸停止、心 脏停搏；V类为住院患者的心脏停搏。依据《中国 心脏死亡器官捐献分类标准》，我国器官捐献分为 3类：I,,False,True,True,True,True,False,True,True
0230.txt,中国肺移植供体标准及获取转运指南,2018,死亡后迅速建立人工呼吸,亡；叶类为脑死亡后呼吸,0.498254793995745,特(Maastricht)标准 分为5类：I类为供体到达医院时宣布死亡；D类为 心肺复苏后宣布供体死亡；出类为撤除生命支持措 施后等待心脏死亡；叶类为脑死亡后呼吸停止、心 脏停搏；V类为住院患者的心脏停搏。依据《中国 心脏死亡器官捐献分类标准》，我国器官捐献分为 3类：I类为DBD,,False,True,True,True,False,False,True,True
0230.txt,中国肺移植供体标准及获取转运指南,2018,"脑死亡后,4例气管插管,3例面罩吸氧",",应通气充足,气 管内插管位置正确,",0.498514112623201,"O2/FiO2>300 mmHg是基本要求。尤其注意，在获 取供肺前每2 h进行1次动脉血气分析，如果动脉血 气不达标,在宣布此肺不合格之前,应通气充足,气 管内插管位置正确,潮气量足够,同时经纤支镜吸净 气道分泌物以排除大气道内分泌物阻塞,只有在排除 上述影响因素、充分通气和维持",,False,True,False,False,True,False,False,True
0230.txt,中国肺移植供体标准及获取转运指南,2018,脑死亡后立即气管内插管给氧,"应通气充足,气 管内插管位",0.49902056713188,"2/FiO2>300 mmHg是基本要求。尤其注意，在获 取供肺前每2 h进行1次动脉血气分析，如果动脉血 气不达标,在宣布此肺不合格之前,应通气充足,气 管内插管位置正确,潮气量足够,同时经纤支镜吸净 气道分泌物以排除大气道内分泌物阻塞,只有在排除 上述影响因素、充分通气和维持最",,False,True,False,False,True,False,False,True
0443.txt,同种异体肺移植术治疗终末期良性肺病2例体会,2018,供者气管插管,双腔气管插管,0.25,道转运至我院，供体肺冷缺血时间约7h。病例2的供体来源于本院脑死亡捐献者，冷缺血时间低于1h。受体手术方式：病例1采取序贯式双肺移植术，采用双腔气管插管，留置Ｓwan－Ｇanz气囊漂浮导管术中监测肺动脉压，先分别行左右侧单肺通气后评估肺动脉压增高情况、氧饱和度能否维持、有无二氧化碳,,False,True,False,False,True,False,True,True
0443.txt,同种异体肺移植术治疗终末期良性肺病2例体会,2018,供者行气管插管,用双腔气管插管,0.333333333333333,通道转运至我院，供体肺冷缺血时间约7h。病例2的供体来源于本院脑死亡捐献者，冷缺血时间低于1h。受体手术方式：病例1采取序贯式双肺移植术，采用双腔气管插管，留置Ｓwan－Ｇanz气囊漂浮导管术中监测肺动脉压，先分别行左右侧单肺通气后评估肺动脉压增高情况、氧饱和度能否维持、有无二氧化,,False,True,False,False,True,False,True,True
0443.txt,同种异体肺移植术治疗终末期良性肺病2例体会,2018,供体手术气管插管通气,术，采用双腔气管插管,0.382786600151632,航绿色通道转运至我院，供体肺冷缺血时间约7h。病例2的供体来源于本院脑死亡捐献者，冷缺血时间低于1h。受体手术方式：病例1采取序贯式双肺移植术，采用双腔气管插管，留置Ｓwan－Ｇanz气囊漂浮导管术中监测肺动脉压，先分别行左右侧单肺通气后评估肺动脉压增高情况、氧饱和度能否维持、有无,,False,True,False,False,True,False,True,True
0443.txt,同种异体肺移植术治疗终末期良性肺病2例体会,2018,供体平卧位，气管插管,，采用双腔气管插管，,0.382786600151632,绿色通道转运至我院，供体肺冷缺血时间约7h。病例2的供体来源于本院脑死亡捐献者，冷缺血时间低于1h。受体手术方式：病例1采取序贯式双肺移植术，采用双腔气管插管，留置Ｓwan－Ｇanz气囊漂浮导管术中监测肺动脉压，先分别行左右侧单肺通气后评估肺动脉压增高情况、氧饱和度能否维持、有无二,,False,True,False,False,True,False,True,True
0443.txt,同种异体肺移植术治疗终末期良性肺病2例体会,2018,供体手术气管插管,采用双腔气管插管,0.4,色通道转运至我院，供体肺冷缺血时间约7h。病例2的供体来源于本院脑死亡捐献者，冷缺血时间低于1h。受体手术方式：病例1采取序贯式双肺移植术，采用双腔气管插管，留置Ｓwan－Ｇanz气囊漂浮导管术中监测肺动脉压，先分别行左右侧单肺通气后评估肺动脉压增高情况、氧饱和度能否维持、有无二氧,,False,True,False,False,True,False,True,True
0443.txt,同种异体肺移植术治疗终末期良性肺病2例体会,2018,脑死亡后，用麻醉机维持呼吸,，经供体肺维护后，在呼吸机,0.498719588172397,．1．2供体情况两例供体均为青年脑死亡供体，分别为21岁、23岁，供体机械通气时间小于1周，无严重的肺挫伤，取供肺前胸部ＣＴ未见明显肺部病灶，经供体肺维护后，在呼吸机参数为ＦiＯ2100％，ＰＥＥＰ5cmＨ2Ｏ状况下通气30min后测ＰaＯ2均＞300mmＨg。在取供肺前再次纤维支,,False,True,False,False,True,False,False,True
0587.txt,脑死亡患者的自主呼吸激发试验应用与安全,2020,供心的切取供体气管插管后,使用 插入气管的导管提供,0.398662205697045,"通过气管补充氧气［00］\""如果有合适的 设备，也可以将二氧化碳、氧气添加到3HM\""回路 中以改变血液Pae。?、动脉血氧分压\""此外，不使用 插入气管的导管提供高流量氧气,可以避免多种潜 在的并发症,如张力性气胸、心脏停搏、呼吸机自动 触发（ @J.K,l5K=D 59K=KD",,False,False,False,True,True,False,False,True
0587.txt,脑死亡患者的自主呼吸激发试验应用与安全,2020,供肺切取:供体气管插管,用 插入气管的导管提供,0.427108100768454,"过气管补充氧气［00］\""如果有合适的 设备，也可以将二氧化碳、氧气添加到3HM\""回路 中以改变血液Pae。?、动脉血氧分压\""此外，不使用 插入气管的导管提供高流量氧气,可以避免多种潜 在的并发症,如张力性气胸、心脏停搏、呼吸机自动 触发（ @J.K,l5K=D 59K=KD,",,False,False,False,True,True,False,False,True
0712.txt,中国一类捐献供体应用体外膜肺氧合技术的配合与监护,2017,"脑死亡后,气管插管",治疗，拔除气管插管,0.454545454545455,．2．1心率及血压的监测持续严密的进行心电监护，重点监测收缩压、平均动脉压和心率，严格按照规范的器官捐献获取流程完成相关工作，在撤除生命支持治疗，拔除气管插管、停用升压组药物后，严密监测捐献者血流动力学改变，随时反馈给医生血压及心率的变化，为医生及时启动和中止ECMO提供依据。因为,,False,True,False,False,True,False,True,False
0735.txt,中国肺移植供肺获取与保护技术规范(2019版),2019,供体平卧位，气管插管,长期卧床及气管插管，,0.333333333333333,献。脑死亡供者神经源性肺水肿发 生率高，出现后极易发生肺部感染，同时肺水肿会引 起肺泡弥散功能下降，导致低氧血症[17-18]。此外， 由于长期卧床及气管插管，坠积性肺炎亦常发生，故 早期积极预防性抗感染治疗是必要的。病原体培养 阴性的供肺较少，但通过选用敏感抗菌药物仍能获 得较满,,False,True,False,False,True,False,False,True
0735.txt,中国肺移植供肺获取与保护技术规范(2019版),2019,脑死亡后迅速气管插管进行机械通气,程时，均存在气 管插管和机械通气,0.4,"肺，提高供肺 利用率；同时发现不适合作为潜在供肺的证据，避免 盲目扩大边缘供肺，影响肺移植近期及远期效果，减 少医疗资源浪费。供肺进入评估流程时，均存在气 管插管和机械通气。ICU医护人员和供肺获取医师"", ""应尽早维护供肺，提高捐献成功率。"", ""(1)抗感染治疗 我国肺移植供肺",,False,True,False,False,True,False,True,True
0735.txt,中国肺移植供肺获取与保护技术规范(2019版),2019,"脑死亡后,气管插管",气充足、气管内插管,0.414630592995036," ＞300 mmHg是供 肺可用的基本要求。尤其注意，供肺获取前应 每2小时进行1次动脉血气分析，如不达标,在宣布 供肺不合格之前,应确保通气充足、气管内插管位置 正确及潮气量足够，经纤维支气管镜检查排除大气 道内分泌物阻塞，同时采取充分通气、维持最佳体液"", 
""% 88 %\t",,False,True,False,False,True,False,False,True
0735.txt,中国肺移植供肺获取与保护技术规范(2019版),2019,"脑死亡后气管紧急插管,纯氧通气","前,应确保通气充足、气管内插管",0.421052631578947,"/FiO2) ＞300 mmHg是供 肺可用的基本要求。尤其注意，供肺获取前应 每2小时进行1次动脉血气分析，如不达标,在宣布 供肺不合格之前,应确保通气充足、气管内插管位置 正确及潮气量足够，经纤维支气管镜检查排除大气 道内分泌物阻塞，同时采取充分通气、维持最佳体液"", 
""% ",,False,True,False,False,True,False,False,True
0735.txt,中国肺移植供肺获取与保护技术规范(2019版),2019,脑死亡后迅速气管插管,通气充足、气管内插管,0.459938275132678,") ＞300 mmHg是供 肺可用的基本要求。尤其注意，供肺获取前应 每2小时进行1次动脉血气分析，如不达标,在宣布 供肺不合格之前,应确保通气充足、气管内插管位置 正确及潮气量足够，经纤维支气管镜检查排除大气 道内分泌物阻塞，同时采取充分通气、维持最佳体液"", 
""% 88 %\",,False,True,False,False,True,False,False,True
0735.txt,中国肺移植供肺获取与保护技术规范(2019版),2019,脑死亡后插入气管导管,通气充足、气管内插管,0.459938275132678,") ＞300 mmHg是供 肺可用的基本要求。尤其注意，供肺获取前应 每2小时进行1次动脉血气分析，如不达标,在宣布 供肺不合格之前,应确保通气充足、气管内插管位置 正确及潮气量足够，经纤维支气管镜检查排除大气 道内分泌物阻塞，同时采取充分通气、维持最佳体液"", 
""% 88 %\",,False,True,False,False,True,False,False,True
0735.txt,中国肺移植供肺获取与保护技术规范(2019版),2019,供肺切取:供体气管插管,供肺选择；供肺获取；供,0.49290744716289,"结合国际指南和临床实践， 针对肺移植供肺选择、获取和保护，制订中国肺移植供肺获取与保护技术规范(2019版)’"", 
""【关键词】 肺移植；供肺选择；供肺获取；供肺保护；技术规范；标准"", ""!供者选择"", ""1.1供者选择标准"", ""脑死亡或脑心双死亡供者供肺并不一定都适合 移植",,False,True,False,False,True,False,False,True
0735.txt,中国肺移植供肺获取与保护技术规范(2019版),2019,供心的切取供体气管插管后,获取 小组对供者的液体管,0.494818514459077,"，以尽量减轻 肺水肿等因素导致的肺功能恶化。"", 
""(3)液体管理 对于ICU医师而言，脑死亡器 官捐献供者的液体管理极具挑战性。不同器官获取 小组对供者的液体管理要求差异较大，例如供肾获 取组要求给予供者充足液体,维持肾脏的血流灌注； 而供肺获取组则要求尽量限制液体入量回，减少",,False,True,False,False,True,False,True,True
0735.txt,中国肺移植供肺获取与保护技术规范(2019版),2019,"脑死亡后,紧急气管插管",保通气充足、气管内插管,0.498719588172397,"2) ＞300 mmHg是供 肺可用的基本要求。尤其注意，供肺获取前应 每2小时进行1次动脉血气分析，如不达标,在宣布 供肺不合格之前,应确保通气充足、气管内插管位置 正确及潮气量足够，经纤维支气管镜检查排除大气 道内分泌物阻塞，同时采取充分通气、维持最佳体液"", 
""% 88 %",,False,True,False,False,True,False,False,True
0735.txt,中国肺移植供肺获取与保护技术规范(2019版),2019,脑死亡后立即气管内插管给氧,应确保通气充足、气管内插管,0.49902056713188,"iO2) ＞300 mmHg是供 肺可用的基本要求。尤其注意，供肺获取前应 每2小时进行1次动脉血气分析，如不达标,在宣布 供肺不合格之前,应确保通气充足、气管内插管位置 正确及潮气量足够，经纤维支气管镜检查排除大气 道内分泌物阻塞，同时采取充分通气、维持最佳体液"", 
""% 88",,False,True,False,False,True,False,False,True
1169.txt,1例再次肺移植治疗重度原发性移植物功能丧失患者的护理,2016,"脑死亡后,气管插管",口气管插管，拔管后,0.299350950254629,通气治疗提供了极其重要的保证［12］。两次移植术后当日行纤维支气管镜检查，可见呼吸道黏膜充血水肿、气道大量黄色水肿液。术后第6天，顺利拔除经口气管插管，拔管后采用经鼻高流量临床实践1273CMYK_x000C_第49卷第1期2014年中华护理杂志ChinJNurs，October2016，Vo,,False,True,False,False,True,False,False,False
1169.txt,1例再次肺移植治疗重度原发性移植物功能丧失患者的护理,2016,脑死亡后迅速气管插管,经口气管插管，拔管后,0.350480947161671,械通气治疗提供了极其重要的保证［12］。两次移植术后当日行纤维支气管镜检查，可见呼吸道黏膜充血水肿、气道大量黄色水肿液。术后第6天，顺利拔除经口气管插管，拔管后采用经鼻高流量临床实践1273CMYK_x000C_第49卷第1期2014年中华护理杂志ChinJNurs，October2016，V,,False,True,False,False,True,False,False,False
1169.txt,1例再次肺移植治疗重度原发性移植物功能丧失患者的护理,2016,脑死亡后插入气管导管,经口气管插管，拔管后,0.350480947161671,械通气治疗提供了极其重要的保证［12］。两次移植术后当日行纤维支气管镜检查，可见呼吸道黏膜充血水肿、气道大量黄色水肿液。术后第6天，顺利拔除经口气管插管，拔管后采用经鼻高流量临床实践1273CMYK_x000C_第49卷第1期2014年中华护理杂志ChinJNurs，October2016，V,,False,True,False,False,True,False,False,False
1169.txt,1例再次肺移植治疗重度原发性移植物功能丧失患者的护理,2016,"脑死亡后,紧急气管插管",除经口气管插管，拔管后,0.394594485403319,机械通气治疗提供了极其重要的保证［12］。两次移植术后当日行纤维支气管镜检查，可见呼吸道黏膜充血水肿、气道大量黄色水肿液。术后第6天，顺利拔除经口气管插管，拔管后采用经鼻高流量临床实践1273CMYK_x000C_第49卷第1期2014年中华护理杂志ChinJNurs，October2016，,,False,True,False,False,True,False,False,False
1169.txt,1例再次肺移植治疗重度原发性移植物功能丧失患者的护理,2016,脑死亡后立即气管内插管给氧,除经口气管插管，拔管后采用,0.466886010016817,机械通气治疗提供了极其重要的保证［12］。两次移植术后当日行纤维支气管镜检查，可见呼吸道黏膜充血水肿、气道大量黄色水肿液。术后第6天，顺利拔除经口气管插管，拔管后采用经鼻高流量临床实践1273CMYK_x000C_第49卷第1期2014年中华护理杂志ChinJNurs，October2016，,,False,True,False,False,True,False,False,False
1632.txt,1例肺动脉高压患者心肺联合移植的护理,2017,脑死亡后迅速气管插管进行机械通气,行气管插管。术后第11天拔除气管,0.429912287450431,患者出现谵妄，实施早期活动。术后第4天拔除气管插管，鼻导管给氧。术后第6天心率184次/min，血压74/48mmHg，SpO265%，再次行气管插管。术后第11天拔除气管插管，给予高流量氧疗。术后第34天转入移植病房继续治疗。2护理供心为去神经心脏，CHLT术后4.5h患者出现重,,False,True,False,False,True,False,False,True
1841.txt,体外膜肺氧合在心脏死亡器官捐献供肝保护中的应用,2019,供者气管插管,及 气管插管,0.25,"- I 类和n类，ECMO的应用除了置管时机不同外， 其余操作流程相同。在供体心跳停止、经抢救无 效宣布死亡，家属签署同意书后，继续胸外按压及 气管插管持续人工呼吸，同时快速经股动、静脉行"", ""ECMO置管，立即开始ECMO循环。"", ""三、ECMO在DCD供肝保护中的应用情况""",,False,False,True,True,True,True,False,True
1841.txt,体外膜肺氧合在心脏死亡器官捐献供肝保护中的应用,2019,气管切开气管插管,按压及 气管插管,0.288487526462115,"ht- I 类和n类，ECMO的应用除了置管时机不同外， 其余操作流程相同。在供体心跳停止、经抢救无 效宣布死亡，家属签署同意书后，继续胸外按压及 气管插管持续人工呼吸，同时快速经股动、静脉行"", ""ECMO置管，立即开始ECMO循环。"", ""三、ECMO在DCD供肝保护中的应用情",,False,False,True,True,True,True,False,True
1841.txt,体外膜肺氧合在心脏死亡器官捐献供肝保护中的应用,2019,供者行气管插管,压及 气管插管,0.333333333333333,"t- I 类和n类，ECMO的应用除了置管时机不同外， 其余操作流程相同。在供体心跳停止、经抢救无 效宣布死亡，家属签署同意书后，继续胸外按压及 气管插管持续人工呼吸，同时快速经股动、静脉行"", ""ECMO置管，立即开始ECMO循环。"", ""三、ECMO在DCD供肝保护中的应用情况",,False,False,True,True,True,True,False,True
1841.txt,体外膜肺氧合在心脏死亡器官捐献供肝保护中的应用,2019,经气管切开气管插管建立人工呼吸,外按压及 气管插管持续人工呼吸,0.342561741348574,"cht- I 类和n类，ECMO的应用除了置管时机不同外， 其余操作流程相同。在供体心跳停止、经抢救无 效宣布死亡，家属签署同意书后，继续胸外按压及 气管插管持续人工呼吸，同时快速经股动、静脉行"", ""ECMO置管，立即开始ECMO循环。"", ""三、ECMO在DCD供肝保护中的应用",,False,False,True,True,True,True,False,True
1841.txt,体外膜肺氧合在心脏死亡器官捐献供肝保护中的应用,2019,供体手术气管插管,按压及 气管插管,0.4,"ht- I 类和n类，ECMO的应用除了置管时机不同外， 其余操作流程相同。在供体心跳停止、经抢救无 效宣布死亡，家属签署同意书后，继续胸外按压及 气管插管持续人工呼吸，同时快速经股动、静脉行"", ""ECMO置管，立即开始ECMO循环。"", ""三、ECMO在DCD供肝保护中的应用情",,False,False,True,True,True,True,False,True
1841.txt,体外膜肺氧合在心脏死亡器官捐献供肝保护中的应用,2019,供体全身肝素化后，仰卧位，经口气管内插管,1］，无法早期全 身肝素化导致供体血管内,0.452277442494834,"DCD供体在撤除生命支持措施前行全身肝素化 及股动静脉置管［28-29］；在英国，在供体循环停止前不 允许全身肝素化和股动静脉置管［30-31］，无法早期全 身肝素化导致供体血管内及ECMO管路中易形成 血栓。因此，ECMO用于DCD供体肝移植无法取 得满意的效果。"", ""（二）运",,False,False,False,True,True,False,False,True
1841.txt,体外膜肺氧合在心脏死亡器官捐献供肝保护中的应用,2019,"脑死亡后,气管插管",外按压及 气管插管,0.454545454545455,"cht- I 类和n类，ECMO的应用除了置管时机不同外， 其余操作流程相同。在供体心跳停止、经抢救无 效宣布死亡，家属签署同意书后，继续胸外按压及 气管插管持续人工呼吸，同时快速经股动、静脉行"", ""ECMO置管，立即开始ECMO循环。"", ""三、ECMO在DCD供肝保护中的应用",,False,True,True,True,True,True,False,True
1841.txt,体外膜肺氧合在心脏死亡器官捐献供肝保护中的应用,2019,供体手术气管插管通气,胸外按压及 气管插管,0.459938275132678,"icht- I 类和n类，ECMO的应用除了置管时机不同外， 其余操作流程相同。在供体心跳停止、经抢救无 效宣布死亡，家属签署同意书后，继续胸外按压及 气管插管持续人工呼吸，同时快速经股动、静脉行"", ""ECMO置管，立即开始ECMO循环。"", ""三、ECMO在DCD供肝保护中的应",,False,False,True,True,True,True,False,True
1841.txt,体外膜肺氧合在心脏死亡器官捐献供肝保护中的应用,2019,供肺切取:供体气管插管,供体血管内及ECMO管,0.498719588172397,"行全身肝素化 及股动静脉置管［28-29］；在英国，在供体循环停止前不 允许全身肝素化和股动静脉置管［30-31］，无法早期全 身肝素化导致供体血管内及ECMO管路中易形成 血栓。因此，ECMO用于DCD供体肝移植无法取 得满意的效果。"", ""（二）运行时间"", ""到目前为止，临床",,False,False,False,True,True,False,False,True
1841.txt,体外膜肺氧合在心脏死亡器官捐献供肝保护中的应用,2019,"供体脑死亡后快速正中开胸,同时插入气管导管人工通气",胸外按压及 气管插管持续人工呼吸，同时快速经股动、,0.499680817075696,"icht- I 类和n类，ECMO的应用除了置管时机不同外， 其余操作流程相同。在供体心跳停止、经抢救无 效宣布死亡，家属签署同意书后，继续胸外按压及 气管插管持续人工呼吸，同时快速经股动、静脉行"", ""ECMO置管，立即开始ECMO循环。"", ""三、ECMO在DCD供肝保护中的应",,False,True,True,True,True,True,False,True
1928.txt,肺移植围术期病人多重耐药菌感染的护理,2017,"脑死亡后,气管插管",，可能与行气管插管,0.454545454545455,单胞菌用套式ＰＣＲ法进行了耐药菌株基因检测，结果表明存在多重耐药情况和克隆传播医院感染。［结论］相同耐药克隆株在肺移植围术期不同病人身上流行，可能与行气管插管、呼吸机、氧气湿化瓶、病人用具、医务人员手工操作以及无心跳供体（ＤＣＤ）模式部分供体携带有关。积极的护理干预能有效控制多重耐,,False,True,False,False,True,False,False,True
1928.txt,肺移植围术期病人多重耐药菌感染的护理,2017,脑死亡后迅速气管插管进行机械通气,，可能与行气管插管、呼吸机、氧气,0.475595575914924,单胞菌用套式ＰＣＲ法进行了耐药菌株基因检测，结果表明存在多重耐药情况和克隆传播医院感染。［结论］相同耐药克隆株在肺移植围术期不同病人身上流行，可能与行气管插管、呼吸机、氧气湿化瓶、病人用具、医务人员手工操作以及无心跳供体（ＤＣＤ）模式部分供体携带有关。积极的护理干预能有效控制多重耐,,False,True,False,False,True,False,False,True
1928.txt,肺移植围术期病人多重耐药菌感染的护理,2017,"脑死亡后气管紧急插管,纯氧通气",可能与行气管插管、呼吸机、氧气,0.499373825678241,胞菌用套式ＰＣＲ法进行了耐药菌株基因检测，结果表明存在多重耐药情况和克隆传播医院感染。［结论］相同耐药克隆株在肺移植围术期不同病人身上流行，可能与行气管插管、呼吸机、氧气湿化瓶、病人用具、医务人员手工操作以及无心跳供体（ＤＣＤ）模式部分供体携带有关。积极的护理干预能有效控制多重耐药,,False,True,False,False,True,False,False,True
2109.txt,脑死亡器官捐献者合并感染的回顾性分析,2019,供体手术气管插管,受手术、气管插管,0.2,"gan donation; Infection; T lymphocyte"", ""脑死亡是颅脑损伤最危险阶段，潜在供体在器官捐献之前多数经 受手术、气管插管、深静脉置管、留着导尿管等有创操作，往往接受 多种抗生素治疗，诱使病原耐药性增强，且急性期外周血T淋巴细胞 存在变化［1］，故",,False,True,False,False,True,False,True,True
2109.txt,脑死亡器官捐献者合并感染的回顾性分析,2019,供者气管插管,术、气管插管,0.25,"n donation; Infection; T lymphocyte"", ""脑死亡是颅脑损伤最危险阶段，潜在供体在器官捐献之前多数经 受手术、气管插管、深静脉置管、留着导尿管等有创操作，往往接受 多种抗生素治疗，诱使病原耐药性增强，且急性期外周血T淋巴细胞 存在变化［1］，故此类",,False,True,False,False,True,False,True,True
2109.txt,脑死亡器官捐献者合并感染的回顾性分析,2019,气管切开气管插管,受手术、气管插管,0.288487526462115,"gan donation; Infection; T lymphocyte"", ""脑死亡是颅脑损伤最危险阶段，潜在供体在器官捐献之前多数经 受手术、气管插管、深静脉置管、留着导尿管等有创操作，往往接受 多种抗生素治疗，诱使病原耐药性增强，且急性期外周血T淋巴细胞 存在变化［1］，故",,False,True,False,False,True,False,True,True
2109.txt,脑死亡器官捐献者合并感染的回顾性分析,2019,供体手术气管插管通气,经 受手术、气管插管,0.305634925170586,"Organ donation; Infection; T lymphocyte"", ""脑死亡是颅脑损伤最危险阶段，潜在供体在器官捐献之前多数经 受手术、气管插管、深静脉置管、留着导尿管等有创操作，往往接受 多种抗生素治疗，诱使病原耐药性增强，且急性期外周血T淋巴细胞 存在变化［1］",,False,True,False,False,True,False,True,True
2109.txt,脑死亡器官捐献者合并感染的回顾性分析,2019,供者行气管插管,手术、气管插管,0.333333333333333,"an donation; Infection; T lymphocyte"", ""脑死亡是颅脑损伤最危险阶段，潜在供体在器官捐献之前多数经 受手术、气管插管、深静脉置管、留着导尿管等有创操作，往往接受 多种抗生素治疗，诱使病原耐药性增强，且急性期外周血T淋巴细胞 存在变化［1］，故此",,False,True,False,False,True,False,True,True
2109.txt,脑死亡器官捐献者合并感染的回顾性分析,2019,脑死亡后迅速气管插管,气管插管、深静脉置管,0.422649730810374,"donation; Infection; T lymphocyte"", ""脑死亡是颅脑损伤最危险阶段，潜在供体在器官捐献之前多数经 受手术、气管插管、深静脉置管、留着导尿管等有创操作，往往接受 多种抗生素治疗，诱使病原耐药性增强，且急性期外周血T淋巴细胞 存在变化［1］，故此类患者",,False,True,False,False,True,False,True,True
2109.txt,脑死亡器官捐献者合并感染的回顾性分析,2019,脑死亡后插入气管导管,气管插管、深静脉置管,0.422649730810374,"donation; Infection; T lymphocyte"", ""脑死亡是颅脑损伤最危险阶段，潜在供体在器官捐献之前多数经 受手术、气管插管、深静脉置管、留着导尿管等有创操作，往往接受 多种抗生素治疗，诱使病原耐药性增强，且急性期外周血T淋巴细胞 存在变化［1］，故此类患者",,False,True,False,False,True,False,True,True
2109.txt,脑死亡器官捐献者合并感染的回顾性分析,2019,"供者平卧位,气管插管",气管插管、深静脉置管,0.422649730810374,"donation; Infection; T lymphocyte"", ""脑死亡是颅脑损伤最危险阶段，潜在供体在器官捐献之前多数经 受手术、气管插管、深静脉置管、留着导尿管等有创操作，往往接受 多种抗生素治疗，诱使病原耐药性增强，且急性期外周血T淋巴细胞 存在变化［1］，故此类患者",,False,True,False,False,True,False,True,True
2109.txt,脑死亡器官捐献者合并感染的回顾性分析,2019,供体平卧位，气管插管,气管插管、深静脉置管,0.422649730810374,"donation; Infection; T lymphocyte"", ""脑死亡是颅脑损伤最危险阶段，潜在供体在器官捐献之前多数经 受手术、气管插管、深静脉置管、留着导尿管等有创操作，往往接受 多种抗生素治疗，诱使病原耐药性增强，且急性期外周血T淋巴细胞 存在变化［1］，故此类患者",,False,True,False,False,True,False,True,True
2109.txt,脑死亡器官捐献者合并感染的回顾性分析,2019,"脑死亡后,气管插管", 受手术、气管插管,0.454545454545455,"rgan donation; Infection; T lymphocyte"", ""脑死亡是颅脑损伤最危险阶段，潜在供体在器官捐献之前多数经 受手术、气管插管、深静脉置管、留着导尿管等有创操作，往往接受 多种抗生素治疗，诱使病原耐药性增强，且急性期外周血T淋巴细胞 存在变化［1］，",,False,True,False,False,True,False,True,True
2109.txt,脑死亡器官捐献者合并感染的回顾性分析,2019,经气管切开气管插管建立人工呼吸, 受手术、气管插管、深静脉置管,0.478260869565217,"rgan donation; Infection; T lymphocyte"", ""脑死亡是颅脑损伤最危险阶段，潜在供体在器官捐献之前多数经 受手术、气管插管、深静脉置管、留着导尿管等有创操作，往往接受 多种抗生素治疗，诱使病原耐药性增强，且急性期外周血T淋巴细胞 存在变化［1］，",,False,True,False,False,True,False,True,True
2109.txt,脑死亡器官捐献者合并感染的回顾性分析,2019,"脑死亡后,紧急气管插管",、气管插管、深静脉置管,0.490972189619378," donation; Infection; T lymphocyte"", ""脑死亡是颅脑损伤最危险阶段，潜在供体在器官捐献之前多数经 受手术、气管插管、深静脉置管、留着导尿管等有创操作，往往接受 多种抗生素治疗，诱使病原耐药性增强，且急性期外周血T淋巴细胞 存在变化［1］，故此类患",,False,True,False,False,True,False,True,True
2109.txt,脑死亡器官捐献者合并感染的回顾性分析,2019,供体心肺的切取气管插管,、气管插管、深静脉置管,0.490972189619378," donation; Infection; T lymphocyte"", ""脑死亡是颅脑损伤最危险阶段，潜在供体在器官捐献之前多数经 受手术、气管插管、深静脉置管、留着导尿管等有创操作，往往接受 多种抗生素治疗，诱使病原耐药性增强，且急性期外周血T淋巴细胞 存在变化［1］，故此类患",,False,True,False,False,True,False,True,True
2174.txt,肺移植手术体外膜肺氧合患者术后死亡的因素分析,2016,脑死亡后插入气管导管,导丝引导下置入导管后,0.494818514459077,使用ＥＣＭＯ术中支持。使用美敦力（美国）或迈柯唯（德国）涂层套包，预充乳酸钠溶液并加入白蛋白20g。股动静脉采用肝素涂层插管，于直视下切开，导丝引导下置入导管后固定。常规监测ＥＣＭＯ流量、转速、体温、水温、ＡＣＴ、下肢血供、足背动脉搏动、氧合器血浆渗漏和泵头血栓情况，常规监测患者血,,False,True,False,False,True,False,False,False
2202.txt,心脏死亡器官捐献肝移植的供体功能维护,2016,供心保护脑死亡后用麻醉机维持呼吸,心脏死亡器官捐献供体维护脑死亡后,0.440983005625053,它使DBD和DCD能很好地有机结合，既兼顾了两者的长处，又弱化和规避了传统文化认同中的冲突，并使捐赠程序在临床工作中更具有可操作性［6］。2心脏死亡器官捐献供体维护脑死亡后机体会发生一系列的病理生理变化，对供体器官的功能产生重要影响。常见的机制主要包括［7］：（1）神经源性休克，其,,False,True,False,False,True,False,True,True
2202.txt,心脏死亡器官捐献肝移植的供体功能维护,2016,"脑死亡后,气管插管",体器官，如气管插管,0.454545454545455,引起的损害，可采取补充甲状腺素、肾上腺皮质激素，抗凝血、升血压、维持水电解质平衡和机械正压通气等措施。在器官维护过程中治疗处理不当也会损害供体器官，如气管插管过深、过度脱水导致的容量不足、大剂量甘露醇使用后的肾损伤、气道护理不当、呼吸及参数调节不当、无菌操作不严、长期大量使用升压药,,False,True,False,False,True,False,False,True
2202.txt,心脏死亡器官捐献肝移植的供体功能维护,2016,脑死亡后迅速气管插管,管插管准备、暴露血管,0.494818514459077,~5min，可于终止治疗前对其进行必要的医疗干预，包括血液检测和供体评估（ABO血型检测、人类白细胞抗原配型、病毒学筛查、器官功能评估）；血管插管准备、暴露血管、血管插管、原位灌注；应用抗凝药物（肝素）、血管扩张剂（酚妥拉明）、溶栓药（链激酶）［18］。相较于DBD，DCD的热缺血,,False,True,False,False,True,False,False,True
2202.txt,心脏死亡器官捐献肝移植的供体功能维护,2016,脑死亡后插入气管导管,管插管准备、暴露血管,0.494818514459077,~5min，可于终止治疗前对其进行必要的医疗干预，包括血液检测和供体评估（ABO血型检测、人类白细胞抗原配型、病毒学筛查、器官功能评估）；血管插管准备、暴露血管、血管插管、原位灌注；应用抗凝药物（肝素）、血管扩张剂（酚妥拉明）、溶栓药（链激酶）［18］。相较于DBD，DCD的热缺血,,False,True,False,False,True,False,False,True
2240.txt,爆发性心肌炎ECMO依赖患者心脏移植术后护理,2020,脑死亡后插入气管导管,管路。带气管插管转入,0.350480947161671,"n,主动脉阻断130 min,并行辅助循 环116 min$供心冷缺血时间212 min,手术结束恢复EC）： 转流并串联C//T和血浆置换管路。带气管插管转入心外科 监护室。EC）：再辅助循环2d,成功撤除。术后第2天成功 撤除EC）：转流。因引流量多，凝血功能低下，肝功能差，于",,False,True,False,False,True,False,False,True
2240.txt,爆发性心肌炎ECMO依赖患者心脏移植术后护理,2020,"供体确定脑死亡后,气管插管,彻底吸除气道分泌物,用简易呼吸器人工控制呼吸","病情及时吸痰,尽早拔除气管插管, 观察呼吸道分泌物颜色,性状,拍床旁片,",0.385112677189482,"充 分供氧,加快肺功能的恢复对心脏移植成功起着至关重要的 作用$因此护理人员要掌握正确的吸痰方法,严格无菌操作, 防止感染的发生[2]$根据病情及时吸痰,尽早拔除气管插管, 观察呼吸道分泌物颜色,性状,拍床旁片,监测血象,留取痰培 养。患者在术后第2天撤除EC）：转流后，生命体征平",,False,True,False,False,True,False,False,True
2312.txt,心脑死亡供肺的选择策略,2017,脑死亡后迅速气管插管进行机械通气,机械通气的管理：机械通气在脑死亡,0.315346803118542,等［27］对72例脑死亡供体进行支气管镜检查时发现，胸片正常且PaO2＞400mmHg的26例供体，纤支镜异常者有10例（占38%）。3.3机械通气的管理：机械通气在脑死亡患者中往往伴随着较高的通气量，而通气量与急化肺损伤的发生发展有关［28］。传统通气模式为潮气量（tidalvo,,False,True,False,False,True,False,False,True
2312.txt,心脑死亡供肺的选择策略,2017,"脑死亡后气管紧急插管,纯氧通气",通气的管理：机械通气在脑死亡患,0.421052631578947,27］对72例脑死亡供体进行支气管镜检查时发现，胸片正常且PaO2＞400mmHg的26例供体，纤支镜异常者有10例（占38%）。3.3机械通气的管理：机械通气在脑死亡患者中往往伴随着较高的通气量，而通气量与急化肺损伤的发生发展有关［28］。传统通气模式为潮气量（tidalvolu,,False,True,False,False,True,False,False,True
2312.txt,心脑死亡供肺的选择策略,2017,脑死亡后迅速气管插管,脑死亡供体进行支气管,0.452277442494834,，明确有无肺部感染；了解支气管黏膜有无充血水肿及有无肺水肿。其优势在于简单、快速、可视化，多数ICU医生即可完成。Riou等［27］对72例脑死亡供体进行支气管镜检查时发现，胸片正常且PaO2＞400mmHg的26例供体，纤支镜异常者有10例（占38%）。3.3机械通气的管理：机械,,False,True,False,False,True,False,False,True
2312.txt,心脑死亡供肺的选择策略,2017,脑死亡后插入气管导管,脑死亡供体进行支气管,0.452277442494834,，明确有无肺部感染；了解支气管黏膜有无充血水肿及有无肺水肿。其优势在于简单、快速、可视化，多数ICU医生即可完成。Riou等［27］对72例脑死亡供体进行支气管镜检查时发现，胸片正常且PaO2＞400mmHg的26例供体，纤支镜异常者有10例（占38%）。3.3机械通气的管理：机械,,False,True,False,False,True,False,False,True
2312.txt,心脑死亡供肺的选择策略,2017,"脑死亡后,气管插管",死亡供体进行支气管,0.497481092370394,明确有无肺部感染；了解支气管黏膜有无充血水肿及有无肺水肿。其优势在于简单、快速、可视化，多数ICU医生即可完成。Riou等［27］对72例脑死亡供体进行支气管镜检查时发现，胸片正常且PaO2＞400mmHg的26例供体，纤支镜异常者有10例（占38%）。3.3机械通气的管理：机械通,,False,True,False,False,True,False,False,True
2312.txt,心脑死亡供肺的选择策略,2017,"脑死亡后,紧急气管插管",管理：多数患者脑死亡后,0.498254793995745,评估后判断为可供选择的供肺，需细心管理、维护至获取之时。管理目标为维护捐赠者的整体生理状态稳定以确保移植器官数量的最大化［20］。3.1液体管理：多数患者脑死亡后经历过循环衰竭［21］。脑死亡后持续休克的主要原因是血管扩张性、血容量减少、尿崩症导致的低血容量及毛细血管渗漏导致的全身,,False,True,False,False,True,False,False,True
2323.txt,边缘心脏供体移植术护理配合体验,2018,供心切取配合..气管插管,..22取心护理配合取心,0.440983005625053,织配型及右心导管检查，明确患者有无手术禁忌症。2手术配合22..11取心材料准备取心材料准备准备一套常规取心装置及心脏停搏液（HTK）。22..22取心护理配合取心护理配合心脏热缺血和冷缺血时间是移植成功的关键，这需要护士组掌握外科手术步骤。确认供体脑死亡并完成相关程序后，高效碘消,,False,True,False,True,True,False,False,True
2370.txt,2例濒危状态终末期肺病患者双肺移植围术期护理体会,2016,供者气管插管,者，气管插管,0.125,酸血症（PaCO2＞80mmHg）及昏迷，在ICU机械通气维持呼吸20d后行双肺移植。1．2供体情况例1“O”型供体，44岁男性，脑死亡捐献者，气管插管呼吸机支持5d，经评估氧合指数＞400，期间曾因发热血象高于泰能抗感染治疗，无吸烟史。例2“O”型供体，49岁男性，脑死亡捐献者，,,False,True,False,False,True,False,True,True
2370.txt,2例濒危状态终末期肺病患者双肺移植围术期护理体会,2016,供者行气管插管,献者，气管插管,0.222222222222222,碳酸血症（PaCO2＞80mmHg）及昏迷，在ICU机械通气维持呼吸20d后行双肺移植。1．2供体情况例1“O”型供体，44岁男性，脑死亡捐献者，气管插管呼吸机支持5d，经评估氧合指数＞400，期间曾因发热血象高于泰能抗感染治疗，无吸烟史。例2“O”型供体，49岁男性，脑死亡捐献者,,False,True,False,False,True,False,True,True
2370.txt,2例濒危状态终末期肺病患者双肺移植围术期护理体会,2016,"脑死亡后,紧急气管插管",脑死亡捐献者，气管插管,0.307692307692308,在严重高碳酸血症（PaCO2＞80mmHg）及昏迷，在ICU机械通气维持呼吸20d后行双肺移植。1．2供体情况例1“O”型供体，44岁男性，脑死亡捐献者，气管插管呼吸机支持5d，经评估氧合指数＞400，期间曾因发热血象高于泰能抗感染治疗，无吸烟史。例2“O”型供体，49岁男性，脑死,,False,True,False,False,True,False,True,True
2370.txt,2例濒危状态终末期肺病患者双肺移植围术期护理体会,2016,脑死亡后迅速气管插管,死亡捐献者，气管插管,0.333333333333333,严重高碳酸血症（PaCO2＞80mmHg）及昏迷，在ICU机械通气维持呼吸20d后行双肺移植。1．2供体情况例1“O”型供体，44岁男性，脑死亡捐献者，气管插管呼吸机支持5d，经评估氧合指数＞400，期间曾因发热血象高于泰能抗感染治疗，无吸烟史。例2“O”型供体，49岁男性，脑死亡,,False,True,False,False,True,False,True,True
2370.txt,2例濒危状态终末期肺病患者双肺移植围术期护理体会,2016,脑死亡后插入气管导管,死亡捐献者，气管插管,0.333333333333333,严重高碳酸血症（PaCO2＞80mmHg）及昏迷，在ICU机械通气维持呼吸20d后行双肺移植。1．2供体情况例1“O”型供体，44岁男性，脑死亡捐献者，气管插管呼吸机支持5d，经评估氧合指数＞400，期间曾因发热血象高于泰能抗感染治疗，无吸烟史。例2“O”型供体，49岁男性，脑死亡,,False,True,False,False,True,False,True,True
2370.txt,2例濒危状态终末期肺病患者双肺移植围术期护理体会,2016,"脑死亡后,气管插管",亡捐献者，气管插管,0.363636363636364,重高碳酸血症（PaCO2＞80mmHg）及昏迷，在ICU机械通气维持呼吸20d后行双肺移植。1．2供体情况例1“O”型供体，44岁男性，脑死亡捐献者，气管插管呼吸机支持5d，经评估氧合指数＞400，期间曾因发热血象高于泰能抗感染治疗，无吸烟史。例2“O”型供体，49岁男性，脑死亡捐,,False,True,False,False,True,False,True,True
2370.txt,2例濒危状态终末期肺病患者双肺移植围术期护理体会,2016,"供者平卧位,气管插管",死亡捐献者，气管插管,0.416666666666667,严重高碳酸血症（PaCO2＞80mmHg）及昏迷，在ICU机械通气维持呼吸20d后行双肺移植。1．2供体情况例1“O”型供体，44岁男性，脑死亡捐献者，气管插管呼吸机支持5d，经评估氧合指数＞400，期间曾因发热血象高于泰能抗感染治疗，无吸烟史。例2“O”型供体，49岁男性，脑死亡,,False,True,False,False,True,False,True,True
2370.txt,2例濒危状态终末期肺病患者双肺移植围术期护理体会,2016,供体平卧位，气管插管,死亡捐献者，气管插管,0.416666666666667,严重高碳酸血症（PaCO2＞80mmHg）及昏迷，在ICU机械通气维持呼吸20d后行双肺移植。1．2供体情况例1“O”型供体，44岁男性，脑死亡捐献者，气管插管呼吸机支持5d，经评估氧合指数＞400，期间曾因发热血象高于泰能抗感染治疗，无吸烟史。例2“O”型供体，49岁男性，脑死亡,,False,True,False,False,True,False,True,True
2370.txt,2例濒危状态终末期肺病患者双肺移植围术期护理体会,2016,"脑死亡后气管紧急插管,纯氧通气",脑死亡捐献者，气管插管呼吸机支,0.443585115925343,在严重高碳酸血症（PaCO2＞80mmHg）及昏迷，在ICU机械通气维持呼吸20d后行双肺移植。1．2供体情况例1“O”型供体，44岁男性，脑死亡捐献者，气管插管呼吸机支持5d，经评估氧合指数＞400，期间曾因发热血象高于泰能抗感染治疗，无吸烟史。例2“O”型供体，49岁男性，脑死,,False,True,False,False,True,False,True,True
2370.txt,2例濒危状态终末期肺病患者双肺移植围术期护理体会,2016,脑死亡后用麻醉机维持呼吸,后维持气管切开呼吸机支持,0.459938275132678,［3］，住院55d，痊愈出院，出院时患者自主活动，不吸氧状态血氧饱和度（SPO2）＞98%。例2，供肺冷缺血时间分别为左侧3h，右侧5h，术后维持气管切开呼吸机支持呼吸20h后撤机，术后56d拔除气管切开套管，强化抗排异处理，顺利渡过肺部感染和撤机困难关。术后住院78d，痊愈出院。,,False,True,False,False,True,False,False,True
2370.txt,2例濒危状态终末期肺病患者双肺移植围术期护理体会,2016,供体全身肝素化后，仰卧位，经口气管内插管,供体，49岁男性，脑死亡捐献者，气管插管,0.459938275132678,型供体，44岁男性，脑死亡捐献者，气管插管呼吸机支持5d，经评估氧合指数＞400，期间曾因发热血象高于泰能抗感染治疗，无吸烟史。例2“O”型供体，49岁男性，脑死亡捐献者，气管插管呼吸机支持1d，经评估氧合指数＞400，吸烟史10支×20年。1．3治疗方法及结果两例患者分别在双腔气,,False,True,False,False,True,False,True,True
2370.txt,2例濒危状态终末期肺病患者双肺移植围术期护理体会,2016,脑死亡后，用麻醉机维持呼吸,h，术后维持气管切开呼吸机,0.461538461538461,异处理［3］，住院55d，痊愈出院，出院时患者自主活动，不吸氧状态血氧饱和度（SPO2）＞98%。例2，供肺冷缺血时间分别为左侧3h，右侧5h，术后维持气管切开呼吸机支持呼吸20h后撤机，术后56d拔除气管切开套管，强化抗排异处理，顺利渡过肺部感染和撤机困难关。术后住院78d，痊愈,,False,True,False,False,True,False,False,True
2370.txt,2例濒危状态终末期肺病患者双肺移植围术期护理体会,2016,供体心肺的切取气管插管,腔气管插管全麻下行双肺,0.461538461538461,型供体，49岁男性，脑死亡捐献者，气管插管呼吸机支持1d，经评估氧合指数＞400，吸烟史10支×20年。1．3治疗方法及结果两例患者分别在双腔气管插管全麻下行双肺序贯移植术，先后作两侧胸部切口，先切除病肺，供体肺经修整后植入受体胸腔，按支气管-肺动脉-左房袖顺序吻合［2］。例1，患,,False,True,False,False,True,False,True,True
2370.txt,2例濒危状态终末期肺病患者双肺移植围术期护理体会,2016,供肺切取:供体气管插管,腔气管插管全麻下行双肺,0.498719588172397,型供体，49岁男性，脑死亡捐献者，气管插管呼吸机支持1d，经评估氧合指数＞400，吸烟史10支×20年。1．3治疗方法及结果两例患者分别在双腔气管插管全麻下行双肺序贯移植术，先后作两侧胸部切口，先切除病肺，供体肺经修整后植入受体胸腔，按支气管-肺动脉-左房袖顺序吻合［2］。例1，患,,False,True,False,False,True,False,True,True
2379.txt,心脏死亡器官捐献供肝肝移植182例单中心经验总结,2017,供者气管插管,拔除气管插管,0.25,间（，h）5.0±1.65.4±1.8>0.05_x000C_第5期胡良硕等．心脏死亡器官捐献供肝肝移植182例单中心经验总结·383·进行评分，均属于拔除气管插管后60min内死亡风险高危组[5]。在手术室内撤除生命支持，心脏停搏后5min，根据心脏死亡判定标准宣布心脏死亡。采用经腹主动脉、,,False,False,True,True,True,False,True,True
2379.txt,心脏死亡器官捐献供肝肝移植182例单中心经验总结,2017,气管切开气管插管,属于拔除气管插管,0.288487526462115,血时间（，h）5.0±1.65.4±1.8>0.05_x000C_第5期胡良硕等．心脏死亡器官捐献供肝肝移植182例单中心经验总结·383·进行评分，均属于拔除气管插管后60min内死亡风险高危组[5]。在手术室内撤除生命支持，心脏停搏后5min，根据心脏死亡判定标准宣布心脏死亡。采用经腹主动,,False,False,True,True,True,False,True,True
2379.txt,心脏死亡器官捐献供肝肝移植182例单中心经验总结,2017,供者行气管插管,于拔除气管插管,0.333333333333333,时间（，h）5.0±1.65.4±1.8>0.05_x000C_第5期胡良硕等．心脏死亡器官捐献供肝肝移植182例单中心经验总结·383·进行评分，均属于拔除气管插管后60min内死亡风险高危组[5]。在手术室内撤除生命支持，心脏停搏后5min，根据心脏死亡判定标准宣布心脏死亡。采用经腹主动脉,,False,False,True,True,True,False,True,True
2379.txt,心脏死亡器官捐献供肝肝移植182例单中心经验总结,2017,脑死亡后立即气管内插管给氧,气管插管后60min内死亡,0.333333333333333,，h）5.0±1.65.4±1.8>0.05_x000C_第5期胡良硕等．心脏死亡器官捐献供肝肝移植182例单中心经验总结·383·进行评分，均属于拔除气管插管后60min内死亡风险高危组[5]。在手术室内撤除生命支持，心脏停搏后5min，根据心脏死亡判定标准宣布心脏死亡。采用经腹主动脉、门静,,False,True,True,True,True,False,True,True
2379.txt,心脏死亡器官捐献供肝肝移植182例单中心经验总结,2017,"脑死亡后,气管插管",属于拔除气管插管后,0.363636363636364,血时间（，h）5.0±1.65.4±1.8>0.05_x000C_第5期胡良硕等．心脏死亡器官捐献供肝肝移植182例单中心经验总结·383·进行评分，均属于拔除气管插管后60min内死亡风险高危组[5]。在手术室内撤除生命支持，心脏停搏后5min，根据心脏死亡判定标准宣布心脏死亡。采用经腹主动,,False,True,True,True,True,False,True,True
2379.txt,心脏死亡器官捐献供肝肝移植182例单中心经验总结,2017,供体手术气管插管,属于拔除气管插管,0.4,血时间（，h）5.0±1.65.4±1.8>0.05_x000C_第5期胡良硕等．心脏死亡器官捐献供肝肝移植182例单中心经验总结·383·进行评分，均属于拔除气管插管后60min内死亡风险高危组[5]。在手术室内撤除生命支持，心脏停搏后5min，根据心脏死亡判定标准宣布心脏死亡。采用经腹主动,,False,False,True,True,True,False,True,True
2379.txt,心脏死亡器官捐献供肝肝移植182例单中心经验总结,2017,脑死亡后迅速气管插管,均属于拔除气管插管后,0.416666666666667,缺血时间（，h）5.0±1.65.4±1.8>0.05_x000C_第5期胡良硕等．心脏死亡器官捐献供肝肝移植182例单中心经验总结·383·进行评分，均属于拔除气管插管后60min内死亡风险高危组[5]。在手术室内撤除生命支持，心脏停搏后5min，根据心脏死亡判定标准宣布心脏死亡。采用经腹主,,False,True,True,True,True,False,True,True
2379.txt,心脏死亡器官捐献供肝肝移植182例单中心经验总结,2017,脑死亡后插入气管导管,均属于拔除气管插管后,0.416666666666667,缺血时间（，h）5.0±1.65.4±1.8>0.05_x000C_第5期胡良硕等．心脏死亡器官捐献供肝肝移植182例单中心经验总结·383·进行评分，均属于拔除气管插管后60min内死亡风险高危组[5]。在手术室内撤除生命支持，心脏停搏后5min，根据心脏死亡判定标准宣布心脏死亡。采用经腹主,,False,True,True,True,True,False,True,True
2379.txt,心脏死亡器官捐献供肝肝移植182例单中心经验总结,2017,供体平卧位，气管插管,，均属于拔除气管插管,0.416666666666667,冷缺血时间（，h）5.0±1.65.4±1.8>0.05_x000C_第5期胡良硕等．心脏死亡器官捐献供肝肝移植182例单中心经验总结·383·进行评分，均属于拔除气管插管后60min内死亡风险高危组[5]。在手术室内撤除生命支持，心脏停搏后5min，根据心脏死亡判定标准宣布心脏死亡。采用经腹,,False,False,True,True,True,False,True,True
2379.txt,心脏死亡器官捐献供肝肝移植182例单中心经验总结,2017,"脑死亡后气管紧急插管,纯氧通气",拔除气管插管后60min内死亡,0.443585115925343,间（，h）5.0±1.65.4±1.8>0.05_x000C_第5期胡良硕等．心脏死亡器官捐献供肝肝移植182例单中心经验总结·383·进行评分，均属于拔除气管插管后60min内死亡风险高危组[5]。在手术室内撤除生命支持，心脏停搏后5min，根据心脏死亡判定标准宣布心脏死亡。采用经腹主动脉、,,False,True,True,True,True,False,True,True
2379.txt,心脏死亡器官捐献供肝肝移植182例单中心经验总结,2017,供体手术气管插管通气,，均属于拔除气管插管,0.459938275132678,冷缺血时间（，h）5.0±1.65.4±1.8>0.05_x000C_第5期胡良硕等．心脏死亡器官捐献供肝肝移植182例单中心经验总结·383·进行评分，均属于拔除气管插管后60min内死亡风险高危组[5]。在手术室内撤除生命支持，心脏停搏后5min，根据心脏死亡判定标准宣布心脏死亡。采用经腹,,False,False,True,True,True,False,True,True
2379.txt,心脏死亡器官捐献供肝肝移植182例单中心经验总结,2017,"脑死亡后,紧急气管插管",，均属于拔除气管插管后,0.461538461538461,冷缺血时间（，h）5.0±1.65.4±1.8>0.05_x000C_第5期胡良硕等．心脏死亡器官捐献供肝肝移植182例单中心经验总结·383·进行评分，均属于拔除气管插管后60min内死亡风险高危组[5]。在手术室内撤除生命支持，心脏停搏后5min，根据心脏死亡判定标准宣布心脏死亡。采用经腹,,False,True,True,True,True,False,True,True
2379.txt,心脏死亡器官捐献供肝肝移植182例单中心经验总结,2017,脑死亡后迅速气管插管进行机械通气,·进行评分，均属于拔除气管插管后,0.47295372330527,>0.05冷缺血时间（，h）5.0±1.65.4±1.8>0.05_x000C_第5期胡良硕等．心脏死亡器官捐献供肝肝移植182例单中心经验总结·383·进行评分，均属于拔除气管插管后60min内死亡风险高危组[5]。在手术室内撤除生命支持，心脏停搏后5min，根据心脏死亡判定标准宣布心脏死亡,,False,True,True,True,True,False,True,True
2401.txt,146例脑死亡器官捐献心脏移植手术期管理,2016,供心切取配合..气管插管,死亡供心获取中的配合与管,0.494818514459077,内开展ＤＢＤ心脏移植的例数和经验仍十分有限。同以往传统供心相比，脑死亡供体术前状况及获取时机存在更多影响因素，术中处理存在其特殊性。因此对脑死亡供心获取中的配合与管理，移植术中病情观察和护理需要探讨与总结。1临床资料1．1一般资料回顾性分析2013－01－2015－07在我院实施的,,False,True,False,False,True,False,False,True
2401.txt,146例脑死亡器官捐献心脏移植手术期管理,2016,供体心肺的切取气管插管,亡供心获取中的配合与管,0.498254793995745,开展ＤＢＤ心脏移植的例数和经验仍十分有限。同以往传统供心相比，脑死亡供体术前状况及获取时机存在更多影响因素，术中处理存在其特殊性。因此对脑死亡供心获取中的配合与管理，移植术中病情观察和护理需要探讨与总结。1临床资料1．1一般资料回顾性分析2013－01－2015－07在我院实施的1,,False,True,False,False,True,False,False,True
2405.txt,心脏死亡供肺肺移植临床分析,2017,"脑死亡后,气管插管",术后对受者气管插管,0.363636363636364,脉流出液清澈为止，手部触摸检查有无明显肿块．完毕后将供肺保存于低温ＲLPD液中，送至手术室待移植．移植手术方式详见文献［2］．1．4术后管理术后对受者气管插管转运至ICU，持续吸氧，监测动脉血气防止氧中毒．控制体液平衡，术后早期维持负平衡防止肺水肿，应用他克莫司+吗替麦考酚酯+皮质,,False,True,False,False,True,False,False,True
2405.txt,心脏死亡供肺肺移植临床分析,2017,"脑死亡后,紧急气管插管",管理术后对受者气管插管,0.394594485403319,肺动脉流出液清澈为止，手部触摸检查有无明显肿块．完毕后将供肺保存于低温ＲLPD液中，送至手术室待移植．移植手术方式详见文献［2］．1．4术后管理术后对受者气管插管转运至ICU，持续吸氧，监测动脉血气防止氧中毒．控制体液平衡，术后早期维持负平衡防止肺水肿，应用他克莫司+吗替麦考酚酯+,,False,True,False,False,True,False,False,True
2405.txt,心脏死亡供肺肺移植临床分析,2017,脑死亡后迅速气管插管,管理术后对受者气管插,0.416666666666667,肺动脉流出液清澈为止，手部触摸检查有无明显肿块．完毕后将供肺保存于低温ＲLPD液中，送至手术室待移植．移植手术方式详见文献［2］．1．4术后管理术后对受者气管插管转运至ICU，持续吸氧，监测动脉血气防止氧中毒．控制体液平衡，术后早期维持负平衡防止肺水肿，应用他克莫司+吗替麦考酚酯+,,False,True,False,False,True,False,False,True
2405.txt,心脏死亡供肺肺移植临床分析,2017,脑死亡后插入气管导管,管理术后对受者气管插,0.416666666666667,肺动脉流出液清澈为止，手部触摸检查有无明显肿块．完毕后将供肺保存于低温ＲLPD液中，送至手术室待移植．移植手术方式详见文献［2］．1．4术后管理术后对受者气管插管转运至ICU，持续吸氧，监测动脉血气防止氧中毒．控制体液平衡，术后早期维持负平衡防止肺水肿，应用他克莫司+吗替麦考酚酯+,,False,True,False,False,True,False,False,True
2405.txt,心脏死亡供肺肺移植临床分析,2017,脑死亡后立即气管内插管给氧,后管理术后对受者气管插管转,0.436563830180989,至肺动脉流出液清澈为止，手部触摸检查有无明显肿块．完毕后将供肺保存于低温ＲLPD液中，送至手术室待移植．移植手术方式详见文献［2］．1．4术后管理术后对受者气管插管转运至ICU，持续吸氧，监测动脉血气防止氧中毒．控制体液平衡，术后早期维持负平衡防止肺水肿，应用他克莫司+吗替麦考酚酯,,False,True,False,False,True,False,False,True
2405.txt,心脏死亡供肺肺移植临床分析,2017,"脑死亡后气管紧急插管,纯氧通气",后管理术后对受者气管插管转运至,0.473798639441566,至肺动脉流出液清澈为止，手部触摸检查有无明显肿块．完毕后将供肺保存于低温ＲLPD液中，送至手术室待移植．移植手术方式详见文献［2］．1．4术后管理术后对受者气管插管转运至ICU，持续吸氧，监测动脉血气防止氧中毒．控制体液平衡，术后早期维持负平衡防止肺水肿，应用他克莫司+吗替麦考酚酯,,False,True,False,False,True,False,False,True
2405.txt,心脏死亡供肺肺移植临床分析,2017,脑死亡后迅速气管插管进行机械通气,后管理术后对受者气管插管转运至I,0.497920988953598,至肺动脉流出液清澈为止，手部触摸检查有无明显肿块．完毕后将供肺保存于低温ＲLPD液中，送至手术室待移植．移植手术方式详见文献［2］．1．4术后管理术后对受者气管插管转运至ICU，持续吸氧，监测动脉血气防止氧中毒．控制体液平衡，术后早期维持负平衡防止肺水肿，应用他克莫司+吗替麦考酚酯,,False,True,False,False,True,False,False,True
2417.txt,同种异体原位心脏移植的手术护理配合,2018,"脑死亡后,气管插管",全身麻醉气管内插管,0.454545454545455,输注抗生素；②与器械护士共同清点手术台上所有物品等；③协助麻醉医生行桡动脉穿刺，右锁骨下静脉穿刺，置漂浮导管；④接到供心组通知供心良好后进行全身麻醉气管内插管，推注舒莱抗排斥药，留置测温尿管；⑤当供心送达手术室时，与手术医生共同再次核对供受体血型、组织配型结果；⑥手术中密切观察手术,,False,True,False,False,True,False,False,True
2417.txt,同种异体原位心脏移植的手术护理配合,2018,脑死亡后立即气管内插管给氧,好后进行全身麻醉气管内插管,0.466666666666667,脉通道，输注抗生素；②与器械护士共同清点手术台上所有物品等；③协助麻醉医生行桡动脉穿刺，右锁骨下静脉穿刺，置漂浮导管；④接到供心组通知供心良好后进行全身麻醉气管内插管，推注舒莱抗排斥药，留置测温尿管；⑤当供心送达手术室时，与手术医生共同再次核对供受体血型、组织配型结果；⑥手术中密切,,False,True,False,False,True,False,False,True
2417.txt,同种异体原位心脏移植的手术护理配合,2018,脑死亡后迅速气管插管进行机械通气,供心良好后进行全身麻醉气管内插管,0.47295372330527,建立静脉通道，输注抗生素；②与器械护士共同清点手术台上所有物品等；③协助麻醉医生行桡动脉穿刺，右锁骨下静脉穿刺，置漂浮导管；④接到供心组通知供心良好后进行全身麻醉气管内插管，推注舒莱抗排斥药，留置测温尿管；⑤当供心送达手术室时，与手术医生共同再次核对供受体血型、组织配型结果；⑥手术,,False,True,False,False,True,False,False,True
2460.txt,离体肺灌注技术在肺移植中的应用进展,2016,脑死亡后迅速气管插管进行机械通气,式，并给予肺部气管插管和机械通气,0.4,注的一大优势是使细胞保持活跃的代谢功能，从而为离体保存期间持续评估肺功能提供便利[18]。目前采用的EVLP的灌注装置模拟生理状态下的灌注方式，并给予肺部气管插管和机械通气等支持手段。利用多种传感器测量EVLP系统中的多种参数，包括肺动静脉气体分压、pH、温度、流量、灌注压、通气参,,False,True,False,False,True,False,False,False
2460.txt,离体肺灌注技术在肺移植中的应用进展,2016,"脑死亡后,气管插管",气管插管和机械通气,0.414630592995036,使细胞保持活跃的代谢功能，从而为离体保存期间持续评估肺功能提供便利[18]。目前采用的EVLP的灌注装置模拟生理状态下的灌注方式，并给予肺部气管插管和机械通气等支持手段。利用多种传感器测量EVLP系统中的多种参数，包括肺动静脉气体分压、pH、温度、流量、灌注压、通气参数等，此外，组,,False,True,False,False,True,False,False,False
2460.txt,离体肺灌注技术在肺移植中的应用进展,2016,脑死亡后迅速气管插管,部气管插管和机械通气,0.459938275132678,是使细胞保持活跃的代谢功能，从而为离体保存期间持续评估肺功能提供便利[18]。目前采用的EVLP的灌注装置模拟生理状态下的灌注方式，并给予肺部气管插管和机械通气等支持手段。利用多种传感器测量EVLP系统中的多种参数，包括肺动静脉气体分压、pH、温度、流量、灌注压、通气参数等，此外，,,False,True,False,False,True,False,False,False
2460.txt,离体肺灌注技术在肺移植中的应用进展,2016,脑死亡后插入气管导管,部气管插管和机械通气,0.459938275132678,是使细胞保持活跃的代谢功能，从而为离体保存期间持续评估肺功能提供便利[18]。目前采用的EVLP的灌注装置模拟生理状态下的灌注方式，并给予肺部气管插管和机械通气等支持手段。利用多种传感器测量EVLP系统中的多种参数，包括肺动静脉气体分压、pH、温度、流量、灌注压、通气参数等，此外，,,False,True,False,False,True,False,False,False
2460.txt,离体肺灌注技术在肺移植中的应用进展,2016,"脑死亡后气管紧急插管,纯氧通气",，并给予肺部气管插管和机械通气,0.473684210526316,的一大优势是使细胞保持活跃的代谢功能，从而为离体保存期间持续评估肺功能提供便利[18]。目前采用的EVLP的灌注装置模拟生理状态下的灌注方式，并给予肺部气管插管和机械通气等支持手段。利用多种传感器测量EVLP系统中的多种参数，包括肺动静脉气体分压、pH、温度、流量、灌注压、通气参数,,False,True,False,False,True,False,False,False
2460.txt,离体肺灌注技术在肺移植中的应用进展,2016,"脑死亡后,紧急气管插管",肺部气管插管和机械通气,0.498719588172397,势是使细胞保持活跃的代谢功能，从而为离体保存期间持续评估肺功能提供便利[18]。目前采用的EVLP的灌注装置模拟生理状态下的灌注方式，并给予肺部气管插管和机械通气等支持手段。利用多种传感器测量EVLP系统中的多种参数，包括肺动静脉气体分压、pH、温度、流量、灌注压、通气参数等，此外,,False,True,False,False,True,False,False,False
2460.txt,离体肺灌注技术在肺移植中的应用进展,2016,脑死亡后立即气管内插管给氧,给予肺部气管插管和机械通气,0.49902056713188,大优势是使细胞保持活跃的代谢功能，从而为离体保存期间持续评估肺功能提供便利[18]。目前采用的EVLP的灌注装置模拟生理状态下的灌注方式，并给予肺部气管插管和机械通气等支持手段。利用多种传感器测量EVLP系统中的多种参数，包括肺动静脉气体分压、pH、温度、流量、灌注压、通气参数等，,,False,True,False,False,True,False,False,False
2500.txt,心脏移植的手术配合,2017,"脑死亡后,气管插管",麻醉医师行气管插管,0.454545454545455,将供心置于4℃HTK液中保存。2.2术中配合及护理2.2.1巡回护士配合核查患者，取平卧位，在右前臂建立外周静脉通道，并做好防压疮护理。协助麻醉医师行气管插管、有创动脉监测、中心静脉穿刺置入肺动脉漂浮导管。留置测温尿管，连接电刀及负极板，调试功率，打开控温毯，清点手术用物，及时提供,,False,True,False,False,True,False,False,True
2523.txt,脑死亡合并感染供体的脏器维护处理,2019,"脑死亡后,气管插管","的感染灶,气管插管",0.363636363636364,"常规应用三代 头孢联合酶抑制剂抗感染治疗#"", 
""1ZV !感染供体病原学资料收集方法"", ""入院后完善全身检查,仔细体检,筛查全身可能 的感染灶,气管插管时间长者注意肺部感染,颅脑外 伤患者注意皮肤软组织感染及腹腔感染情况,入院 后常规留取病原学标本,包括血%尿%肺泡灌洗液%伤",,False,True,False,False,True,False,False,True
2523.txt,脑死亡合并感染供体的脏器维护处理,2019,"脑死亡后,紧急气管插管","能 的感染灶,气管插管",0.461538461538461,"物,常规应用三代 头孢联合酶抑制剂抗感染治疗#"", 
""1ZV !感染供体病原学资料收集方法"", ""入院后完善全身检查,仔细体检,筛查全身可能 的感染灶,气管插管时间长者注意肺部感染,颅脑外 伤患者注意皮肤软组织感染及腹腔感染情况,入院 后常规留取病原学标本,包括血%尿%肺泡灌洗液",,False,True,False,False,True,False,False,True
2541.txt,中国肺移植面临的困难及对策,2016,"脑死亡后,气管插管",源都是长期气管插管,0.454545454545455,更有效地利用供体。2．制定供肺标准、维护标准及转运流程：国外器官捐献一般均在48h内完成，而我国一般均在1周左右完成捐献，许多情况下获取的肺源都是长期气管插管、呼吸机应用、合并肺部感染，我们常需要利用这类感染的肺源去拯救濒危的患者，术后围术期管理难度可想而知，这是对开展肺移植手术的,,False,True,False,False,True,False,True,True
2569.txt,脑死亡器官捐献心脏移植供体保护性治疗与功能评价,2016,供肺切取:供体气管插管,供体选择管理及边缘供体,0.466666666666667,了的供体心脏选择和管理标准。其中对边缘性供心的使用也进行了一些研究，本中心在2004年开始与陈忠华教授合作尝试进行脑死亡捐献心脏移植，此后在供体选择管理及边缘供体的使用方面陆续积累了一些经验［3］。特别是在年龄偏大、缺血时间偏长等所谓边缘性供体的使用中，结合供体心脏功能的判断和体外,,False,True,False,False,True,False,True,True
2747.txt,肺移植受者30例术后早期感染诊疗分析,2020,"脑死亡后,4例气管插管,3例面罩吸氧","U= 3例,支气管扩张症2例及&-,",0.477767032132906,"间均> 48 h,平均年龄 （47 ±16）岁（25〜67岁），其中男性28例，女性 2例&原发病:尘肺14例,肺间质纤维化1\""例, &>U= 3例,支气管扩张症2例及&-,19-）3,综合征 1例& 24例为择期手术,6例为急诊手术&供肺来 自于27例供者,平均年龄（ 26 ±",,False,True,False,False,True,False,False,True
3097.txt,努力打造与国际接轨的肺移植团队,2017,"脑死亡后,气管插管",源都是长期气管插管,0.454545454545455,更有效地利用供体。2.2制定供肺标准、维护标准及流程：国外器官捐献一般均在48小时内完成，而我国一般均在1周左右完成捐献，许多情况下获取的肺源都是长期气管插管、呼吸机应用、合并肺部感染，我们常需要利用这类感染的肺源去拯救濒危的患者，术后围术期管理难度可想而知，这是对我们开展肺移植手,,False,True,False,False,True,False,True,True
3201.txt,广东梅州客家地区脑死亡器官捐献43例分析,2019,气管切开气管插管,置气管插管!胃管,0.198216274262727,原因，供者在脑死亡后使用呼吸机，缺乏咳嗽反 射!自主排痰功能，呼吸机相关性肺炎的发生率高， 免疫力低下，应用皮质激素，接受各种侵袭性操作留 置气管插管!胃管!尿管!静脉导管!各种引流管，往 往发生多部位定植菌的感染，导致这类患者易患各 种感染)需要医务工作者关注肺部等重点脏器体 征,,False,True,False,False,True,False,False,True
3201.txt,广东梅州客家地区脑死亡器官捐献43例分析,2019,供者气管插管, 置气管插管,0.25,其原因，供者在脑死亡后使用呼吸机，缺乏咳嗽反 射!自主排痰功能，呼吸机相关性肺炎的发生率高， 免疫力低下，应用皮质激素，接受各种侵袭性操作留 置气管插管!胃管!尿管!静脉导管!各种引流管，往 往发生多部位定植菌的感染，导致这类患者易患各 种感染)需要医务工作者关注肺部等重点脏器体 ,,False,True,False,False,True,False,False,True
3201.txt,广东梅州客家地区脑死亡器官捐献43例分析,2019,供者行气管插管,气管插管!胃管,0.260399738366361,因，供者在脑死亡后使用呼吸机，缺乏咳嗽反 射!自主排痰功能，呼吸机相关性肺炎的发生率高， 免疫力低下，应用皮质激素，接受各种侵袭性操作留 置气管插管!胃管!尿管!静脉导管!各种引流管，往 往发生多部位定植菌的感染，导致这类患者易患各 种感染)需要医务工作者关注肺部等重点脏器体 征!,,False,True,False,False,True,False,False,True
3201.txt,广东梅州客家地区脑死亡器官捐献43例分析,2019,脑死亡后，用麻醉机维持呼吸,，供者在脑死亡后使用呼吸机,0.307692307692308,"生率,提示感染发生率高，其中 下呼吸道是主要的感染灶来源，革兰阴性杆菌是主 要的病原菌)这与国内多个研究[/3 8/+]结果一致) 究其原因，供者在脑死亡后使用呼吸机，缺乏咳嗽反 射!自主排痰功能，呼吸机相关性肺炎的发生率高， 免疫力低下，应用皮质激素，接受各种侵袭性操作留 置气管",,False,True,False,False,True,False,False,True
3201.txt,广东梅州客家地区脑死亡器官捐献43例分析,2019,供体手术气管插管,置气管插管!胃管,0.323876596217187,原因，供者在脑死亡后使用呼吸机，缺乏咳嗽反 射!自主排痰功能，呼吸机相关性肺炎的发生率高， 免疫力低下，应用皮质激素，接受各种侵袭性操作留 置气管插管!胃管!尿管!静脉导管!各种引流管，往 往发生多部位定植菌的感染，导致这类患者易患各 种感染)需要医务工作者关注肺部等重点脏器体 征,,False,True,False,False,True,False,False,True
3201.txt,广东梅州客家地区脑死亡器官捐献43例分析,2019,脑死亡后用麻醉机维持呼吸,供者在脑死亡后使用呼吸机,0.333333333333333,"率,提示感染发生率高，其中 下呼吸道是主要的感染灶来源，革兰阴性杆菌是主 要的病原菌)这与国内多个研究[/3 8/+]结果一致) 究其原因，供者在脑死亡后使用呼吸机，缺乏咳嗽反 射!自主排痰功能，呼吸机相关性肺炎的发生率高， 免疫力低下，应用皮质激素，接受各种侵袭性操作留 置气管插",,False,True,False,False,True,False,False,True
3201.txt,广东梅州客家地区脑死亡器官捐献43例分析,2019,"脑死亡后,气管插管","脑死亡 后,脑死亡",0.377200844670782,"医学科日1 p-3 d,平均(5.5 ±+.8)N) 1S- 器官捐献工作流程 无器官捐献禁忌证的潜 在供体由主管医生及脑死亡判定专家判定为脑死亡 后,脑死亡判定依据*脑死亡判定标准与技术规范"", 
""(成人质控版) %[-]$’脑死亡判定标准与技术规范 (儿童质控版) %[3]及",,False,True,True,False,True,False,True,True
3201.txt,广东梅州客家地区脑死亡器官捐献43例分析,2019,供体手术气管插管通气,留 置气管插管!胃管,0.398662205697045,究其原因，供者在脑死亡后使用呼吸机，缺乏咳嗽反 射!自主排痰功能，呼吸机相关性肺炎的发生率高， 免疫力低下，应用皮质激素，接受各种侵袭性操作留 置气管插管!胃管!尿管!静脉导管!各种引流管，往 往发生多部位定植菌的感染，导致这类患者易患各 种感染)需要医务工作者关注肺部等重点脏器体,,False,True,False,False,True,False,False,True
3201.txt,广东梅州客家地区脑死亡器官捐献43例分析,2019,脑死亡后迅速气管插管,气管插管!胃管!尿管,0.41074434901121,因，供者在脑死亡后使用呼吸机，缺乏咳嗽反 射!自主排痰功能，呼吸机相关性肺炎的发生率高， 免疫力低下，应用皮质激素，接受各种侵袭性操作留 置气管插管!胃管!尿管!静脉导管!各种引流管，往 往发生多部位定植菌的感染，导致这类患者易患各 种感染)需要医务工作者关注肺部等重点脏器体 征!,,False,True,False,False,True,False,False,True
3201.txt,广东梅州客家地区脑死亡器官捐献43例分析,2019,脑死亡后插入气管导管,气管插管!胃管!尿管,0.41074434901121,因，供者在脑死亡后使用呼吸机，缺乏咳嗽反 射!自主排痰功能，呼吸机相关性肺炎的发生率高， 免疫力低下，应用皮质激素，接受各种侵袭性操作留 置气管插管!胃管!尿管!静脉导管!各种引流管，往 往发生多部位定植菌的感染，导致这类患者易患各 种感染)需要医务工作者关注肺部等重点脏器体 征!,,False,True,False,False,True,False,False,True
3201.txt,广东梅州客家地区脑死亡器官捐献43例分析,2019,"供者平卧位,气管插管",气管插管!胃管!尿管,0.41074434901121,因，供者在脑死亡后使用呼吸机，缺乏咳嗽反 射!自主排痰功能，呼吸机相关性肺炎的发生率高， 免疫力低下，应用皮质激素，接受各种侵袭性操作留 置气管插管!胃管!尿管!静脉导管!各种引流管，往 往发生多部位定植菌的感染，导致这类患者易患各 种感染)需要医务工作者关注肺部等重点脏器体 征!,,False,True,False,False,True,False,False,True
3201.txt,广东梅州客家地区脑死亡器官捐献43例分析,2019,供体平卧位，气管插管,气管插管!胃管!尿管,0.41074434901121,因，供者在脑死亡后使用呼吸机，缺乏咳嗽反 射!自主排痰功能，呼吸机相关性肺炎的发生率高， 免疫力低下，应用皮质激素，接受各种侵袭性操作留 置气管插管!胃管!尿管!静脉导管!各种引流管，往 往发生多部位定植菌的感染，导致这类患者易患各 种感染)需要医务工作者关注肺部等重点脏器体 征!,,False,True,False,False,True,False,False,True
3201.txt,广东梅州客家地区脑死亡器官捐献43例分析,2019,经气管切开气管插管建立人工呼吸,气管插管!胃管!尿管!静脉导管,0.413839351876747,因，供者在脑死亡后使用呼吸机，缺乏咳嗽反 射!自主排痰功能，呼吸机相关性肺炎的发生率高， 免疫力低下，应用皮质激素，接受各种侵袭性操作留 置气管插管!胃管!尿管!静脉导管!各种引流管，往 往发生多部位定植菌的感染，导致这类患者易患各 种感染)需要医务工作者关注肺部等重点脏器体 征!,,False,True,False,False,True,False,False,True
3201.txt,广东梅州客家地区脑死亡器官捐献43例分析,2019,供心保护脑死亡后用麻醉机维持呼吸,其原因，供者在脑死亡后使用呼吸机,0.4375,"感染发生率,提示感染发生率高，其中 下呼吸道是主要的感染灶来源，革兰阴性杆菌是主 要的病原菌)这与国内多个研究[/3 8/+]结果一致) 究其原因，供者在脑死亡后使用呼吸机，缺乏咳嗽反 射!自主排痰功能，呼吸机相关性肺炎的发生率高， 免疫力低下，应用皮质激素，接受各种侵袭性操作留 ",,False,True,False,False,True,False,False,True
3201.txt,广东梅州客家地区脑死亡器官捐献43例分析,2019,"脑死亡后,紧急气管插管",置气管插管!胃管!尿管,0.445299803774771,原因，供者在脑死亡后使用呼吸机，缺乏咳嗽反 射!自主排痰功能，呼吸机相关性肺炎的发生率高， 免疫力低下，应用皮质激素，接受各种侵袭性操作留 置气管插管!胃管!尿管!静脉导管!各种引流管，往 往发生多部位定植菌的感染，导致这类患者易患各 种感染)需要医务工作者关注肺部等重点脏器体 征,,False,True,False,False,True,False,False,True
3201.txt,广东梅州客家地区脑死亡器官捐献43例分析,2019,供体心肺的切取气管插管,置气管插管!胃管!尿管,0.445299803774771,原因，供者在脑死亡后使用呼吸机，缺乏咳嗽反 射!自主排痰功能，呼吸机相关性肺炎的发生率高， 免疫力低下，应用皮质激素，接受各种侵袭性操作留 置气管插管!胃管!尿管!静脉导管!各种引流管，往 往发生多部位定植菌的感染，导致这类患者易患各 种感染)需要医务工作者关注肺部等重点脏器体 征,,False,True,False,False,True,False,False,True
3201.txt,广东梅州客家地区脑死亡器官捐献43例分析,2019,供肺切取:供体气管插管,置气管插管!胃管!尿管,0.483602220505678,原因，供者在脑死亡后使用呼吸机，缺乏咳嗽反 射!自主排痰功能，呼吸机相关性肺炎的发生率高， 免疫力低下，应用皮质激素，接受各种侵袭性操作留 置气管插管!胃管!尿管!静脉导管!各种引流管，往 往发生多部位定植菌的感染，导致这类患者易患各 种感染)需要医务工作者关注肺部等重点脏器体 征,,False,True,False,False,True,False,False,True
3244.txt,合并肺段挫伤供肺肺移植的临床疗效分析,2018,供者气管插管,供体气管插管,0.125,要为严重颅脑外伤、脑卒中等[12]。从发病至抢救无效达到脑死亡捐献状态，许多供体家属仍无法接受既定事实，仍需要大量时间与之沟通捐献事宜。因此供体气管插管机械辅助通气时间很难控制在48h以内。气管插管机械辅助通气时间超过3d，供肺大多会合并呼吸机相关性肺炎，而且易合并耐药菌感染，因此,,False,True,False,False,True,True,True,True
3244.txt,合并肺段挫伤供肺肺移植的临床疗效分析,2018,供体手术气管插管,因此供体气管插管,0.2,病主要为严重颅脑外伤、脑卒中等[12]。从发病至抢救无效达到脑死亡捐献状态，许多供体家属仍无法接受既定事实，仍需要大量时间与之沟通捐献事宜。因此供体气管插管机械辅助通气时间很难控制在48h以内。气管插管机械辅助通气时间超过3d，供肺大多会合并呼吸机相关性肺炎，而且易合并耐药菌感染，,,False,True,False,False,True,True,True,True
3244.txt,合并肺段挫伤供肺肺移植的临床疗效分析,2018,供者行气管插管,此供体气管插管,0.222222222222222,主要为严重颅脑外伤、脑卒中等[12]。从发病至抢救无效达到脑死亡捐献状态，许多供体家属仍无法接受既定事实，仍需要大量时间与之沟通捐献事宜。因此供体气管插管机械辅助通气时间很难控制在48h以内。气管插管机械辅助通气时间超过3d，供肺大多会合并呼吸机相关性肺炎，而且易合并耐药菌感染，因,,False,True,False,False,True,True,True,True
3244.txt,合并肺段挫伤供肺肺移植的临床疗效分析,2018,供体手术气管插管通气,气管插管机械辅助通气,0.285714285714286,严重颅脑外伤、脑卒中等[12]。从发病至抢救无效达到脑死亡捐献状态，许多供体家属仍无法接受既定事实，仍需要大量时间与之沟通捐献事宜。因此供体气管插管机械辅助通气时间很难控制在48h以内。气管插管机械辅助通气时间超过3d，供肺大多会合并呼吸机相关性肺炎，而且易合并耐药菌感染，因此首先,,False,True,False,False,True,True,True,True
3244.txt,合并肺段挫伤供肺肺移植的临床疗效分析,2018,气管切开气管插管,因此供体气管插管,0.288487526462115,病主要为严重颅脑外伤、脑卒中等[12]。从发病至抢救无效达到脑死亡捐献状态，许多供体家属仍无法接受既定事实，仍需要大量时间与之沟通捐献事宜。因此供体气管插管机械辅助通气时间很难控制在48h以内。气管插管机械辅助通气时间超过3d，供肺大多会合并呼吸机相关性肺炎，而且易合并耐药菌感染，,,False,True,False,False,True,True,True,True
3244.txt,合并肺段挫伤供肺肺移植的临床疗效分析,2018,脑死亡后，用麻醉机维持呼吸,死亡后，恢复呼吸机支持；脑,0.307692307692308,态，符合获取标准。心脏死亡器官捐献（DCD）供肺捐献流程：停止呼吸机机械通气后，待心脏停搏5min，氧饱和度为0，由红十字会指定专家确定心脏死亡后，恢复呼吸机支持；脑死亡器官捐献（DBD）或脑-心双死亡器官捐献（DBCD）供肺捐献流程：持续呼吸机机械通气支持。呼吸机给氧浓度维持在5,,False,True,False,True,True,False,True,True
3244.txt,合并肺段挫伤供肺肺移植的临床疗效分析,2018,供体平卧位，气管插管,宜。因此供体气管插管,0.333333333333333,原发病主要为严重颅脑外伤、脑卒中等[12]。从发病至抢救无效达到脑死亡捐献状态，许多供体家属仍无法接受既定事实，仍需要大量时间与之沟通捐献事宜。因此供体气管插管机械辅助通气时间很难控制在48h以内。气管插管机械辅助通气时间超过3d，供肺大多会合并呼吸机相关性肺炎，而且易合并耐药菌感,,False,True,False,False,True,True,True,True
3244.txt,合并肺段挫伤供肺肺移植的临床疗效分析,2018,供肺切取:供体气管插管,事宜。因此供体气管插管,0.35549661336451,民原发病主要为严重颅脑外伤、脑卒中等[12]。从发病至抢救无效达到脑死亡捐献状态，许多供体家属仍无法接受既定事实，仍需要大量时间与之沟通捐献事宜。因此供体气管插管机械辅助通气时间很难控制在48h以内。气管插管机械辅助通气时间超过3d，供肺大多会合并呼吸机相关性肺炎，而且易合并耐药菌,,False,True,False,False,True,True,True,True
3244.txt,合并肺段挫伤供肺肺移植的临床疗效分析,2018,供心的切取供体气管插管后,供体气管插管机械辅助通气,0.375,要为严重颅脑外伤、脑卒中等[12]。从发病至抢救无效达到脑死亡捐献状态，许多供体家属仍无法接受既定事实，仍需要大量时间与之沟通捐献事宜。因此供体气管插管机械辅助通气时间很难控制在48h以内。气管插管机械辅助通气时间超过3d，供肺大多会合并呼吸机相关性肺炎，而且易合并耐药菌感染，因此,,False,True,False,False,True,True,True,True
3244.txt,合并肺段挫伤供肺肺移植的临床疗效分析,2018,供体心肺的切取气管插管,事宜。因此供体气管插管,0.384615384615385,民原发病主要为严重颅脑外伤、脑卒中等[12]。从发病至抢救无效达到脑死亡捐献状态，许多供体家属仍无法接受既定事实，仍需要大量时间与之沟通捐献事宜。因此供体气管插管机械辅助通气时间很难控制在48h以内。气管插管机械辅助通气时间超过3d，供肺大多会合并呼吸机相关性肺炎，而且易合并耐药菌,,False,True,False,False,True,True,True,True
3244.txt,合并肺段挫伤供肺肺移植的临床疗效分析,2018,脑死亡后迅速气管插管进行机械通气,宜。因此供体气管插管机械辅助通气,0.4,原发病主要为严重颅脑外伤、脑卒中等[12]。从发病至抢救无效达到脑死亡捐献状态，许多供体家属仍无法接受既定事实，仍需要大量时间与之沟通捐献事宜。因此供体气管插管机械辅助通气时间很难控制在48h以内。气管插管机械辅助通气时间超过3d，供肺大多会合并呼吸机相关性肺炎，而且易合并耐药菌感,,False,True,False,False,True,True,True,True
3244.txt,合并肺段挫伤供肺肺移植的临床疗效分析,2018,供心保护脑死亡后用麻醉机维持呼吸,心脏死亡后，恢复呼吸机支持；脑死,0.41074434901121,肺状态，符合获取标准。心脏死亡器官捐献（DCD）供肺捐献流程：停止呼吸机机械通气后，待心脏停搏5min，氧饱和度为0，由红十字会指定专家确定心脏死亡后，恢复呼吸机支持；脑死亡器官捐献（DBD）或脑-心双死亡器官捐献（DBCD）供肺捐献流程：持续呼吸机机械通气支持。呼吸机给氧浓度维持,,False,True,False,True,True,False,True,True
3244.txt,合并肺段挫伤供肺肺移植的临床疗效分析,2018,脑死亡后用麻醉机维持呼吸,脏死亡后，恢复呼吸机支持,0.416666666666667,状态，符合获取标准。心脏死亡器官捐献（DCD）供肺捐献流程：停止呼吸机机械通气后，待心脏停搏5min，氧饱和度为0，由红十字会指定专家确定心脏死亡后，恢复呼吸机支持；脑死亡器官捐献（DBD）或脑-心双死亡器官捐献（DBCD）供肺捐献流程：持续呼吸机机械通气支持。呼吸机给氧浓度维持在,,False,True,False,True,True,False,True,True
3244.txt,合并肺段挫伤供肺肺移植的临床疗效分析,2018,"供者平卧位,气管插管",宜。因此供体气管插管,0.416666666666667,原发病主要为严重颅脑外伤、脑卒中等[12]。从发病至抢救无效达到脑死亡捐献状态，许多供体家属仍无法接受既定事实，仍需要大量时间与之沟通捐献事宜。因此供体气管插管机械辅助通气时间很难控制在48h以内。气管插管机械辅助通气时间超过3d，供肺大多会合并呼吸机相关性肺炎，而且易合并耐药菌感,,False,True,False,False,True,True,True,True
3244.txt,合并肺段挫伤供肺肺移植的临床疗效分析,2018,"脑死亡后,气管插管",。因此供体气管插管,0.454545454545455,发病主要为严重颅脑外伤、脑卒中等[12]。从发病至抢救无效达到脑死亡捐献状态，许多供体家属仍无法接受既定事实，仍需要大量时间与之沟通捐献事宜。因此供体气管插管机械辅助通气时间很难控制在48h以内。气管插管机械辅助通气时间超过3d，供肺大多会合并呼吸机相关性肺炎，而且易合并耐药菌感染,,False,True,False,False,True,True,True,True
3244.txt,合并肺段挫伤供肺肺移植的临床疗效分析,2018,脑死亡后迅速气管插管,气管插管机械辅助通气,0.459938275132678,严重颅脑外伤、脑卒中等[12]。从发病至抢救无效达到脑死亡捐献状态，许多供体家属仍无法接受既定事实，仍需要大量时间与之沟通捐献事宜。因此供体气管插管机械辅助通气时间很难控制在48h以内。气管插管机械辅助通气时间超过3d，供肺大多会合并呼吸机相关性肺炎，而且易合并耐药菌感染，因此首先,,False,True,False,False,True,True,True,True
3244.txt,合并肺段挫伤供肺肺移植的临床疗效分析,2018,脑死亡后插入气管导管,气管插管机械辅助通气,0.459938275132678,严重颅脑外伤、脑卒中等[12]。从发病至抢救无效达到脑死亡捐献状态，许多供体家属仍无法接受既定事实，仍需要大量时间与之沟通捐献事宜。因此供体气管插管机械辅助通气时间很难控制在48h以内。气管插管机械辅助通气时间超过3d，供肺大多会合并呼吸机相关性肺炎，而且易合并耐药菌感染，因此首先,,False,True,False,False,True,True,True,True
3244.txt,合并肺段挫伤供肺肺移植的临床疗效分析,2018,供体死亡后行人工呼吸、循环支持,死亡后，恢复呼吸机支持；脑死亡,0.466886010016817,态，符合获取标准。心脏死亡器官捐献（DCD）供肺捐献流程：停止呼吸机机械通气后，待心脏停搏5min，氧饱和度为0，由红十字会指定专家确定心脏死亡后，恢复呼吸机支持；脑死亡器官捐献（DBD）或脑-心双死亡器官捐献（DBCD）供肺捐献流程：持续呼吸机机械通气支持。呼吸机给氧浓度维持在5,,False,True,False,True,True,False,True,True
3244.txt,合并肺段挫伤供肺肺移植的临床疗效分析,2018,"脑死亡后气管紧急插管,纯氧通气",。因此供体气管插管机械辅助通气,0.473684210526316,发病主要为严重颅脑外伤、脑卒中等[12]。从发病至抢救无效达到脑死亡捐献状态，许多供体家属仍无法接受既定事实，仍需要大量时间与之沟通捐献事宜。因此供体气管插管机械辅助通气时间很难控制在48h以内。气管插管机械辅助通气时间超过3d，供肺大多会合并呼吸机相关性肺炎，而且易合并耐药菌感染,,False,True,False,False,True,True,True,True
3244.txt,合并肺段挫伤供肺肺移植的临床疗效分析,2018,经气管切开气管插管建立人工呼吸,。因此供体气管插管机械辅助通气,0.473798639441566,发病主要为严重颅脑外伤、脑卒中等[12]。从发病至抢救无效达到脑死亡捐献状态，许多供体家属仍无法接受既定事实，仍需要大量时间与之沟通捐献事宜。因此供体气管插管机械辅助通气时间很难控制在48h以内。气管插管机械辅助通气时间超过3d，供肺大多会合并呼吸机相关性肺炎，而且易合并耐药菌感染,,False,True,False,False,True,True,True,True
3244.txt,合并肺段挫伤供肺肺移植的临床疗效分析,2018,"脑死亡后,紧急气管插管",体气管插管机械辅助通气,0.498719588172397,为严重颅脑外伤、脑卒中等[12]。从发病至抢救无效达到脑死亡捐献状态，许多供体家属仍无法接受既定事实，仍需要大量时间与之沟通捐献事宜。因此供体气管插管机械辅助通气时间很难控制在48h以内。气管插管机械辅助通气时间超过3d，供肺大多会合并呼吸机相关性肺炎，而且易合并耐药菌感染，因此首,,False,True,False,False,True,True,True,True
3244.txt,合并肺段挫伤供肺肺移植的临床疗效分析,2018,脑死亡后立即气管内插管给氧,以内。气管插管机械辅助通气,0.49902056713188,抢救无效达到脑死亡捐献状态，许多供体家属仍无法接受既定事实，仍需要大量时间与之沟通捐献事宜。因此供体气管插管机械辅助通气时间很难控制在48h以内。气管插管机械辅助通气时间超过3d，供肺大多会合并呼吸机相关性肺炎，而且易合并耐药菌感染，因此首先需要行影像学检查了解有否感染、挫伤、实变,,False,True,False,False,True,True,True,True
3244.txt,合并肺段挫伤供肺肺移植的临床疗效分析,2018,供体心肺的获取和保护..行气管插管通气,捐献事宜。因此供体气管插管机械辅助通气,0.499565406263021,献公民原发病主要为严重颅脑外伤、脑卒中等[12]。从发病至抢救无效达到脑死亡捐献状态，许多供体家属仍无法接受既定事实，仍需要大量时间与之沟通捐献事宜。因此供体气管插管机械辅助通气时间很难控制在48h以内。气管插管机械辅助通气时间超过3d，供肺大多会合并呼吸机相关性肺炎，而且易合并耐,,False,True,False,False,True,True,True,True
3435.txt,第39届国际心肺移植协会年会热点速递,2019,脑死亡后插入气管导管,植术后受者气管插管导,0.333333333333333,"拷贝数较低，中位随 访时间162 d,均存活。该研究考虑到HCV在体外 供肺与在正常体内不同，抗病毒药物需要在体内代 谢才能发挥作用,而肺移植术后受者气管插管导致 口服药物不便，因此采取了照射的方式作用于病毒 核酸。但该研究病例较少，观察时间有限，其对术后 并发症、移植物排斥反应和",,False,True,False,False,True,False,False,True
3435.txt,第39届国际心肺移植协会年会热点速递,2019,"脑死亡后,气管插管",植术后受者气管插管,0.363636363636364,"拷贝数较低，中位随 访时间162 d,均存活。该研究考虑到HCV在体外 供肺与在正常体内不同，抗病毒药物需要在体内代 谢才能发挥作用,而肺移植术后受者气管插管导致 口服药物不便，因此采取了照射的方式作用于病毒 核酸。但该研究病例较少，观察时间有限，其对术后 并发症、移植物排斥反应和",,False,True,False,False,True,False,False,True
3435.txt,第39届国际心肺移植协会年会热点速递,2019,脑死亡后迅速气管插管,移植术后受者气管插管,0.416666666666667,"A拷贝数较低，中位随 访时间162 d,均存活。该研究考虑到HCV在体外 供肺与在正常体内不同，抗病毒药物需要在体内代 谢才能发挥作用,而肺移植术后受者气管插管导致 口服药物不便，因此采取了照射的方式作用于病毒 核酸。但该研究病例较少，观察时间有限，其对术后 并发症、移植物排斥反应",,False,True,False,False,True,False,False,True
3435.txt,第39届国际心肺移植协会年会热点速递,2019,"脑死亡后,紧急气管插管",肺移植术后受者气管插管,0.461538461538461,"NA拷贝数较低，中位随 访时间162 d,均存活。该研究考虑到HCV在体外 供肺与在正常体内不同，抗病毒药物需要在体内代 谢才能发挥作用,而肺移植术后受者气管插管导致 口服药物不便，因此采取了照射的方式作用于病毒 核酸。但该研究病例较少，观察时间有限，其对术后 并发症、移植物排斥反",,False,True,False,False,True,False,False,True
3435.txt,第39届国际心肺移植协会年会热点速递,2019,"脑死亡后气管紧急插管,纯氧通气","作用,而肺移植术后受者气管插管",0.499226604332809,"CV-RNA拷贝数较低，中位随 访时间162 d,均存活。该研究考虑到HCV在体外 供肺与在正常体内不同，抗病毒药物需要在体内代 谢才能发挥作用,而肺移植术后受者气管插管导致 口服药物不便，因此采取了照射的方式作用于病毒 核酸。但该研究病例较少，观察时间有限，其对术后 并发症、移植",,False,True,False,False,True,False,False,True
3450.txt,脑死亡患者无偿器官捐献中供体器官维护的护理,2016,经气管切开气管插管建立人工呼吸,人工气道管理核查指引单，从气管,0.425962152118072,有效供氧脑死亡供者随着时间的延续，发生坠积性肺炎、呼吸机相关性肺炎的可能性增加［2］。本科29例供体全部进行机械通气治疗。从患者入院时就建立人工气道管理核查指引单，从气管导管固定是否妥善；床头抬高30°~40°，每4小时检查胃储留量；是否正确评估患者的湿化效果，有创通气患者有湿化设,,False,True,False,False,True,False,False,True
3541.txt,中国心脏死亡捐献供肾器官的维护,2016,"脑死亡后,气管插管",都需要气管插管,0.454545454545455,生的难题。潜在供者在ＩＣＵ治疗期间，因为病情严重往往需要留置胃管、尿管、伤口引流管、静脉营养管、中心静脉导管等各种管道，几乎所有患者都需要气管插管呼吸机辅助呼吸；有时候长期卧床还可导致压疮、坠积性肺炎等，开放性损伤则造成软组织_x000C_？746？临床外科杂志2,,False,True,False,False,True,False,False,True
3603.txt,心脏死亡器官捐献专科护士岗位的设立及实践,2016,供心切取配合..气管插管,.2.4器官切取配合手术,0.465477516175151,者宣布死亡通知即打开无菌包、准备一次性物品，铺好无菌操作台。接供者入手术间，与人体器官获取组织、器官捐献协调员见证并留存默哀仪式影像资料。2.2.4器官切取配合手术医生进行器官切取，观察术中器官保存液灌注、引流情况，保持灌注、引流通畅。器官获取成功后，备好无菌肝袋、肾袋，留取器官，,,False,False,True,False,True,False,True,True
3651.txt,同种异体原位心脏移植18例临床分析,2018,"供体心脏的提取供心者取仰卧位,垫高胸腔,气管插管",取的供心。3．2供者心脏的保护最大限度地降低供心,0.499226604332809,2－13］。术前准备过程中，通过综合手段尽量降低患者肺动脉压力，尽量选择体质量大的供体，尽量选择在脑死亡后有稳定的血流动力学和不缺氧条件下获取的供心。3．2供者心脏的保护最大限度地降低供心的心肌损伤也是心脏移植成功的重要因素［14］。我院全部选用脑死亡患者，选择使用ＨＴＫ液作为供体,,False,True,False,False,True,False,False,True
3704.txt,肺移植术后感染的评估与救治,2018,"脑死亡后,气管插管",后气管插管、鼻胃管,0.299350950254629,菌和病毒［9-11］。术后患者肺部感染的高危因素主要有：移植的肺脏与外界相通，持续受到上呼吸道定植微生物的影响及暴露在外部的病原体环境中；术后气管插管、鼻胃管、支气管镜等技术的运用；供体肺携带的病原体；术后支气管循环中断引起的上皮细胞完整性被破坏、纤毛功能受损导致术后早期易并发感染,,False,True,False,False,True,False,False,True
3704.txt,肺移植术后感染的评估与救治,2018,脑死亡后迅速气管插管,术后气管插管、鼻胃管,0.350480947161671,真菌和病毒［9-11］。术后患者肺部感染的高危因素主要有：移植的肺脏与外界相通，持续受到上呼吸道定植微生物的影响及暴露在外部的病原体环境中；术后气管插管、鼻胃管、支气管镜等技术的运用；供体肺携带的病原体；术后支气管循环中断引起的上皮细胞完整性被破坏、纤毛功能受损导致术后早期易并发感,,False,True,False,False,True,False,False,True
3704.txt,肺移植术后感染的评估与救治,2018,脑死亡后插入气管导管,术后气管插管、鼻胃管,0.350480947161671,真菌和病毒［9-11］。术后患者肺部感染的高危因素主要有：移植的肺脏与外界相通，持续受到上呼吸道定植微生物的影响及暴露在外部的病原体环境中；术后气管插管、鼻胃管、支气管镜等技术的运用；供体肺携带的病原体；术后支气管循环中断引起的上皮细胞完整性被破坏、纤毛功能受损导致术后早期易并发感,,False,True,False,False,True,False,False,True
3704.txt,肺移植术后感染的评估与救治,2018,"脑死亡后,紧急气管插管",；术后气管插管、鼻胃管,0.394594485403319,为真菌和病毒［9-11］。术后患者肺部感染的高危因素主要有：移植的肺脏与外界相通，持续受到上呼吸道定植微生物的影响及暴露在外部的病原体环境中；术后气管插管、鼻胃管、支气管镜等技术的运用；供体肺携带的病原体；术后支气管循环中断引起的上皮细胞完整性被破坏、纤毛功能受损导致术后早期易并发,,False,True,False,False,True,False,False,True
3704.txt,肺移植术后感染的评估与救治,2018,脑死亡后迅速气管插管进行机械通气,估流程时，均接受气管插管机械通气,0.4,成熟的欧美国家，供肺利用率也仅20%~40%［6］。我国捐献供肺的主要来源是脑死亡及脑死亡撤除生命支持装置后心脏死亡的供肺。这些供肺在进入评估流程时，均接受气管插管机械通气，发生肺炎的风险明显增加。如果患者此前如有外伤史，存在创伤性湿肺，发生肺部感染并形成脓性分泌物的风险更大。本中,,False,True,False,False,True,False,True,True
3704.txt,肺移植术后感染的评估与救治,2018,脑死亡后立即气管内插管给氧,后气管插管、鼻胃管、支气管,0.424644038217539,菌和病毒［9-11］。术后患者肺部感染的高危因素主要有：移植的肺脏与外界相通，持续受到上呼吸道定植微生物的影响及暴露在外部的病原体环境中；术后气管插管、鼻胃管、支气管镜等技术的运用；供体肺携带的病原体；术后支气管循环中断引起的上皮细胞完整性被破坏、纤毛功能受损导致术后早期易并发感染,,False,True,False,False,True,False,False,True
3704.txt,肺移植术后感染的评估与救治,2018,供体心肺的获取和保护..行气管插管通气,均接受气管插管机械通气，发生肺炎的风险,0.499565406263021,国家，供肺利用率也仅20%~40%［6］。我国捐献供肺的主要来源是脑死亡及脑死亡撤除生命支持装置后心脏死亡的供肺。这些供肺在进入评估流程时，均接受气管插管机械通气，发生肺炎的风险明显增加。如果患者此前如有外伤史，存在创伤性湿肺，发生肺部感染并形成脓性分泌物的风险更大。本中心的肺供体,,False,True,False,False,True,False,True,True
3729.txt,心脏死亡器官捐献供肺获取的手术配合,2016,脑死亡后，用麻醉机维持呼吸,脑死亡后，停用维持生命支持,0.35549661336451,洪波：男，本科，护师物1例。氧合指数（PaO2/FiO2）192~490mmHg。DCD患者依据“中国心脏死亡器官捐献分类标准”［6］判定为脑死亡后，停用维持生命支持措施，呼吸、心跳停止后发生心脏死亡。5例捐献患者家属同意捐献器官并签署了相关文件。5例供肺获取中，1例因感染、局部浸,,False,True,False,True,True,True,True,True
3729.txt,心脏死亡器官捐献供肺获取的手术配合,2016,脑死亡后用麻醉机维持呼吸,判定为脑死亡后，停用维持,0.416666666666667,术部邱洪波：男，本科，护师物1例。氧合指数（PaO2/FiO2）192~490mmHg。DCD患者依据“中国心脏死亡器官捐献分类标准”［6］判定为脑死亡后，停用维持生命支持措施，呼吸、心跳停止后发生心脏死亡。5例捐献患者家属同意捐献器官并签署了相关文件。5例供肺获取中，1例因感染、,,False,True,False,True,True,True,True,True
3809.txt,心肺联合移植11例单中心经验,2019,"脑死亡后,气管插管","醉,单腔气管内插管",0.363636363636364,"供者选择标准,心脏功能优 先考虑$所有手术均经广州医科大学附属第一医院 伦理委员会审核通过$"", ""1.2 手术方法"", ""所有受者均全身麻醉,单腔气管内插管;常规留 置经食管超声心动图及桡动脉和股动脉测压管$"", ""(3)供者心肺准备"", ""仔细检查供者心肺,评估获取时可能造成的",,False,True,False,False,True,False,False,True
3809.txt,心肺联合移植11例单中心经验,2019,"脑死亡后气管紧急插管,纯氧通气","间的 后心包,暴露气管,在气管",0.449311208246065,"做一切口,切断右支气管,切除右肺$左肺切除 步骤同右肺$注意保护膈神经%喉返神经及迷走 神经$"", 
""完成肺切除后,切开主动脉和上腔静脉之间的 后心包,暴露气管,在气管隆突周围的软组织上做横 切口,位置应尽可能低,以保证远段气管的血供$钝 性分离隆突和支气管残端,注意避免损伤迷走",,False,True,False,False,True,False,False,False
3809.txt,心肺联合移植11例单中心经验,2019,"脑死亡后,紧急气管插管","身麻醉,单腔气管内插管",0.461538461538461,"植的供者选择标准,心脏功能优 先考虑$所有手术均经广州医科大学附属第一医院 伦理委员会审核通过$"", ""1.2 手术方法"", ""所有受者均全身麻醉,单腔气管内插管;常规留 置经食管超声心动图及桡动脉和股动脉测压管$"", ""(3)供者心肺准备"", ""仔细检查供者心肺,评估获取时可能造",,False,True,False,False,True,False,False,True
4001.txt,自体心脏移植切除心脏肿瘤应用现状及技术要点,2020,"脑死亡后,气管插管",前侧壁插管。从插管,0.498254793995745,脉与无名静脉 交汇处，保证置管后近端至少留有1 cm长度上腔静脉组织以 便分离和再吻合。下腔静脉必须从膈肌附着部游离以便能从 低位下腔静脉的前侧壁插管。从插管处至右房至少应保留约 1 cm长度下腔静脉组织以供分离和再植。②切除心脏，主动 脉、上下腔静脉分别在上述位置横断，注意避免损,,False,True,False,False,True,False,False,False
4052.txt,上海市胸科医院肺移植10年经验总结,2017,"脑死亡后,气管插管",管气管插管。对于气,0.341854818285582,和病理检查。第一侧供肺（或单肺）的冷缺血时间为3．5~6h，平均4．5h；第二侧为5~8h，平均5．5h。2．受体手术：所有患者采用左侧双腔管气管插管。对于气道分泌物多或者感染性肺部疾病的患者先进行单腔管插管，吸净气道分泌物后，再进行双腔管插管。插管完成后用纤支镜确认气管插管位置。,,False,True,False,False,True,False,False,True
4052.txt,上海市胸科医院肺移植10年经验总结,2017,脑死亡后迅速气管插管,腔管气管插管。对于气,0.387627564304205,物和病理检查。第一侧供肺（或单肺）的冷缺血时间为3．5~6h，平均4．5h；第二侧为5~8h，平均5．5h。2．受体手术：所有患者采用左侧双腔管气管插管。对于气道分泌物多或者感染性肺部疾病的患者先进行单腔管插管，吸净气道分泌物后，再进行双腔管插管。插管完成后用纤支镜确认气管插管位置,,False,True,False,False,True,False,False,True
4052.txt,上海市胸科医院肺移植10年经验总结,2017,脑死亡后插入气管导管,腔管气管插管。对于气,0.387627564304205,物和病理检查。第一侧供肺（或单肺）的冷缺血时间为3．5~6h，平均4．5h；第二侧为5~8h，平均5．5h。2．受体手术：所有患者采用左侧双腔管气管插管。对于气道分泌物多或者感染性肺部疾病的患者先进行单腔管插管，吸净气道分泌物后，再进行双腔管插管。插管完成后用纤支镜确认气管插管位置,,False,True,False,False,True,False,False,True
4052.txt,上海市胸科医院肺移植10年经验总结,2017,"脑死亡后,紧急气管插管",双腔管气管插管。对于气,0.4273437133218,生物和病理检查。第一侧供肺（或单肺）的冷缺血时间为3．5~6h，平均4．5h；第二侧为5~8h，平均5．5h。2．受体手术：所有患者采用左侧双腔管气管插管。对于气道分泌物多或者感染性肺部疾病的患者先进行单腔管插管，吸净气道分泌物后，再进行双腔管插管。插管完成后用纤支镜确认气管插管位,,False,True,False,False,True,False,False,True
4073.txt,矽肺患者33例肺移植术后护理,2016,脑死亡后，用麻醉机维持呼吸,后继续应用呼吸机通气支持，,0.461538461538461,、受者ABO血型均相符，供、受者胸腔大小匹配。供肺的获取、灌注、保存方法见参考文献［6-7］。1．2治疗方法矽肺患者肺移植术后进入ICU治疗后继续应用呼吸机通气支持，采用压力控制通气限制气道峰压和预防支气管吻合口的气压伤。根据生命体征及血气分析结果调整呼吸机模式及参数。受者术后应用,,False,True,False,False,True,False,False,True
4138.txt,双肺移植同期Nuss手术治疗造血干细胞移植术后闭塞性细支气管炎综合征合并胸廓畸形长期生存1例,2018,"脑死亡后,气管插管",醉后双腔管气管插管,0.299350950254629,低钾右旋糖酐液（raffinose-lowpotassiumdextransolution，RLPD液）灌注并保存转运供肺[1]。受体全身麻醉后双腔管气管插管，患者取仰卧位，体外膜肺氧合（ECMO）辅助采用右侧股静脉-动脉（venous-artery，V-A）插管模式，ECMO使用,,False,True,False,False,True,False,False,True
4138.txt,双肺移植同期Nuss手术治疗造血干细胞移植术后闭塞性细支气管炎综合征合并胸廓畸形长期生存1例,2018,脑死亡后迅速气管插管,麻醉后双腔管气管插管,0.350480947161671,糖低钾右旋糖酐液（raffinose-lowpotassiumdextransolution，RLPD液）灌注并保存转运供肺[1]。受体全身麻醉后双腔管气管插管，患者取仰卧位，体外膜肺氧合（ECMO）辅助采用右侧股静脉-动脉（venous-artery，V-A）插管模式，ECMO使,,False,True,False,False,True,False,False,True
4138.txt,双肺移植同期Nuss手术治疗造血干细胞移植术后闭塞性细支气管炎综合征合并胸廓畸形长期生存1例,2018,脑死亡后插入气管导管,麻醉后双腔管气管插管,0.350480947161671,糖低钾右旋糖酐液（raffinose-lowpotassiumdextransolution，RLPD液）灌注并保存转运供肺[1]。受体全身麻醉后双腔管气管插管，患者取仰卧位，体外膜肺氧合（ECMO）辅助采用右侧股静脉-动脉（venous-artery，V-A）插管模式，ECMO使,,False,True,False,False,True,False,False,True
4138.txt,双肺移植同期Nuss手术治疗造血干细胞移植术后闭塞性细支气管炎综合征合并胸廓畸形长期生存1例,2018,"脑死亡后,紧急气管插管",身麻醉后双腔管气管插管,0.394594485403319,子糖低钾右旋糖酐液（raffinose-lowpotassiumdextransolution，RLPD液）灌注并保存转运供肺[1]。受体全身麻醉后双腔管气管插管，患者取仰卧位，体外膜肺氧合（ECMO）辅助采用右侧股静脉-动脉（venous-artery，V-A）插管模式，ECMO,,False,True,False,False,True,False,False,True
4138.txt,双肺移植同期Nuss手术治疗造血干细胞移植术后闭塞性细支气管炎综合征合并胸廓畸形长期生存1例,2018,"脑死亡后,将供体取仰卧位,争取做气管插管",体全身麻醉后双腔管气管插管，患者取仰卧位,0.423076923076923,用棉子糖低钾右旋糖酐液（raffinose-lowpotassiumdextransolution，RLPD液）灌注并保存转运供肺[1]。受体全身麻醉后双腔管气管插管，患者取仰卧位，体外膜肺氧合（ECMO）辅助采用右侧股静脉-动脉（venous-artery，V-A）插管模式，EC,,False,True,False,False,True,False,False,True
4138.txt,双肺移植同期Nuss手术治疗造血干细胞移植术后闭塞性细支气管炎综合征合并胸廓畸形长期生存1例,2018,脑死亡后立即气管内插管给氧,体全身麻醉后双腔管气管插管,0.466886010016817,用棉子糖低钾右旋糖酐液（raffinose-lowpotassiumdextransolution，RLPD液）灌注并保存转运供肺[1]。受体全身麻醉后双腔管气管插管，患者取仰卧位，体外膜肺氧合（ECMO）辅助采用右侧股静脉-动脉（venous-artery，V-A）插管模式，EC,,False,True,False,False,True,False,False,True
4138.txt,双肺移植同期Nuss手术治疗造血干细胞移植术后闭塞性细支气管炎综合征合并胸廓畸形长期生存1例,2018,"脑死亡后气管紧急插管,纯氧通气",。受体全身麻醉后双腔管气管插管,0.499373825678241,，采用棉子糖低钾右旋糖酐液（raffinose-lowpotassiumdextransolution，RLPD液）灌注并保存转运供肺[1]。受体全身麻醉后双腔管气管插管，患者取仰卧位，体外膜肺氧合（ECMO）辅助采用右侧股静脉-动脉（venous-artery，V-A）插管模式，,,False,True,False,False,True,False,False,True
